mag_ref,tE,endpoint,n_trials,n_success,completeness,ci_low,ci_high
19.0,0.02,event_detected,75,75,1.0,0.9512761575171942,1.0
19.0,0.08,event_detected,75,75,1.0,0.9512761575171942,1.0
19.0,0.3,event_detected,75,75,1.0,0.9512761575171942,1.0
19.0,1.0,event_detected,75,75,1.0,0.9512761575171942,1.0
22.0,0.02,event_detected,75,73,0.9733333333333334,0.9078851181224086,0.9926563109938686
22.0,0.08,event_detected,75,75,1.0,0.9512761575171942,1.0
22.0,0.3,event_detected,75,75,1.0,0.9512761575171942,1.0
22.0,1.0,event_detected,75,75,1.0,0.9512761575171942,1.0
24.0,0.02,event_detected,75,41,0.5466666666666666,0.4344837385429269,0.6543020361586779
24.0,0.08,event_detected,75,75,1.0,0.9512761575171942,1.0
24.0,0.3,event_detected,75,75,1.0,0.9512761575171942,1.0
24.0,1.0,event_detected,75,75,1.0,0.9512761575171942,1.0
19.0,0.02,parameters_recovered,75,63,0.84,0.7408329231474533,0.9060348639642386
19.0,0.08,parameters_recovered,75,68,0.9066666666666666,0.819653131504585,0.9540514766093995
19.0,0.3,parameters_recovered,75,75,1.0,0.9512761575171942,1.0
19.0,1.0,parameters_recovered,75,75,1.0,0.9512761575171942,1.0
22.0,0.02,parameters_recovered,75,49,0.6533333333333333,0.5405474609420188,0.7511772273632541
22.0,0.08,parameters_recovered,75,59,0.7866666666666666,0.6812003421070318,0.8641979882028261
22.0,0.3,parameters_recovered,75,67,0.8933333333333333,0.8033863715352693,0.9449508723782568
22.0,1.0,parameters_recovered,75,72,0.96,0.8888701291759625,0.9863039357398561
24.0,0.02,parameters_recovered,75,22,0.29333333333333333,0.20240140321903244,0.40440445167386063
24.0,0.08,parameters_recovered,75,40,0.5333333333333333,0.42157537389084965,0.6418430366102965
24.0,0.3,parameters_recovered,75,59,0.7866666666666666,0.6812003421070318,0.8641979882028261
24.0,1.0,parameters_recovered,75,61,0.8133333333333334,0.7107141547760659,0.8854189039347092
