mag_ref,u0,tE,endpoint,n_trials,n_success,completeness,ci_low,ci_high
19.0,0.1,0.02,event_detected,25,25,1.0,0.8668077490609515,0.9999999999999999
19.0,0.1,0.08,event_detected,25,25,1.0,0.8668077490609515,0.9999999999999999
19.0,0.1,0.3,event_detected,25,25,1.0,0.8668077490609515,0.9999999999999999
19.0,0.1,1.0,event_detected,25,25,1.0,0.8668077490609515,0.9999999999999999
19.0,0.6,0.02,event_detected,25,25,1.0,0.8668077490609515,0.9999999999999999
19.0,0.6,0.08,event_detected,25,25,1.0,0.8668077490609515,0.9999999999999999
19.0,0.6,0.3,event_detected,25,25,1.0,0.8668077490609515,0.9999999999999999
19.0,0.6,1.0,event_detected,25,25,1.0,0.8668077490609515,0.9999999999999999
19.0,1.0,0.02,event_detected,25,25,1.0,0.8668077490609515,0.9999999999999999
19.0,1.0,0.08,event_detected,25,25,1.0,0.8668077490609515,0.9999999999999999
19.0,1.0,0.3,event_detected,25,25,1.0,0.8668077490609515,0.9999999999999999
19.0,1.0,1.0,event_detected,25,25,1.0,0.8668077490609515,0.9999999999999999
22.0,0.1,0.02,event_detected,25,23,0.92,0.7503389104960468,0.9777795987151524
22.0,0.1,0.08,event_detected,25,25,1.0,0.8668077490609515,0.9999999999999999
22.0,0.1,0.3,event_detected,25,25,1.0,0.8668077490609515,0.9999999999999999
22.0,0.1,1.0,event_detected,25,25,1.0,0.8668077490609515,0.9999999999999999
22.0,0.6,0.02,event_detected,25,25,1.0,0.8668077490609515,0.9999999999999999
22.0,0.6,0.08,event_detected,25,25,1.0,0.8668077490609515,0.9999999999999999
22.0,0.6,0.3,event_detected,25,25,1.0,0.8668077490609515,0.9999999999999999
22.0,0.6,1.0,event_detected,25,25,1.0,0.8668077490609515,0.9999999999999999
22.0,1.0,0.02,event_detected,25,25,1.0,0.8668077490609515,0.9999999999999999
22.0,1.0,0.08,event_detected,25,25,1.0,0.8668077490609515,0.9999999999999999
22.0,1.0,0.3,event_detected,25,25,1.0,0.8668077490609515,0.9999999999999999
22.0,1.0,1.0,event_detected,25,25,1.0,0.8668077490609515,0.9999999999999999
24.0,0.1,0.02,event_detected,25,16,0.64,0.44518497748164865,0.7975211922554178
24.0,0.1,0.08,event_detected,25,25,1.0,0.8668077490609515,0.9999999999999999
24.0,0.1,0.3,event_detected,25,25,1.0,0.8668077490609515,0.9999999999999999
24.0,0.1,1.0,event_detected,25,25,1.0,0.8668077490609515,0.9999999999999999
24.0,0.6,0.02,event_detected,25,25,1.0,0.8668077490609515,0.9999999999999999
24.0,0.6,0.08,event_detected,25,25,1.0,0.8668077490609515,0.9999999999999999
24.0,0.6,0.3,event_detected,25,25,1.0,0.8668077490609515,0.9999999999999999
24.0,0.6,1.0,event_detected,25,25,1.0,0.8668077490609515,0.9999999999999999
24.0,1.0,0.02,event_detected,25,0,0.0,1.3877787807814457e-17,0.13319225093904846
24.0,1.0,0.08,event_detected,25,25,1.0,0.8668077490609515,0.9999999999999999
24.0,1.0,0.3,event_detected,25,25,1.0,0.8668077490609515,0.9999999999999999
24.0,1.0,1.0,event_detected,25,25,1.0,0.8668077490609515,0.9999999999999999
19.0,0.1,0.02,parameters_recovered,25,25,1.0,0.8668077490609515,0.9999999999999999
19.0,0.1,0.08,parameters_recovered,25,25,1.0,0.8668077490609515,0.9999999999999999
19.0,0.1,0.3,parameters_recovered,25,25,1.0,0.8668077490609515,0.9999999999999999
19.0,0.1,1.0,parameters_recovered,25,25,1.0,0.8668077490609515,0.9999999999999999
19.0,0.6,0.02,parameters_recovered,25,25,1.0,0.8668077490609515,0.9999999999999999
19.0,0.6,0.08,parameters_recovered,25,25,1.0,0.8668077490609515,0.9999999999999999
19.0,0.6,0.3,parameters_recovered,25,25,1.0,0.8668077490609515,0.9999999999999999
19.0,0.6,1.0,parameters_recovered,25,25,1.0,0.8668077490609515,0.9999999999999999
19.0,1.0,0.02,parameters_recovered,25,13,0.52,0.3349851695035678,0.6996871404588704
19.0,1.0,0.08,parameters_recovered,25,18,0.72,0.5242339480963842,0.8571614614904344
19.0,1.0,0.3,parameters_recovered,25,25,1.0,0.8668077490609515,0.9999999999999999
19.0,1.0,1.0,parameters_recovered,25,25,1.0,0.8668077490609515,0.9999999999999999
22.0,0.1,0.02,parameters_recovered,25,21,0.84,0.6534637839282114,0.9359654854332355
22.0,0.1,0.08,parameters_recovered,25,25,1.0,0.8668077490609515,0.9999999999999999
22.0,0.1,0.3,parameters_recovered,25,25,1.0,0.8668077490609515,0.9999999999999999
22.0,0.1,1.0,parameters_recovered,25,25,1.0,0.8668077490609515,0.9999999999999999
22.0,0.6,0.02,parameters_recovered,25,23,0.92,0.7503389104960468,0.9777795987151524
22.0,0.6,0.08,parameters_recovered,25,25,1.0,0.8668077490609515,0.9999999999999999
22.0,0.6,0.3,parameters_recovered,25,25,1.0,0.8668077490609515,0.9999999999999999
22.0,0.6,1.0,parameters_recovered,25,25,1.0,0.8668077490609515,0.9999999999999999
22.0,1.0,0.02,parameters_recovered,25,5,0.2,0.08860584686802572,0.3913095036954033
22.0,1.0,0.08,parameters_recovered,25,9,0.36,0.20247880774458224,0.5548150225183514
22.0,1.0,0.3,parameters_recovered,25,17,0.68,0.48410269273102247,0.8279480969309202
22.0,1.0,1.0,parameters_recovered,25,22,0.88,0.7004420607907267,0.9583318284955964
24.0,0.1,0.02,parameters_recovered,25,10,0.4,0.23403302377747973,0.5926054264103301
24.0,0.1,0.08,parameters_recovered,25,25,1.0,0.8668077490609515,0.9999999999999999
24.0,0.1,0.3,parameters_recovered,25,25,1.0,0.8668077490609515,0.9999999999999999
24.0,0.1,1.0,parameters_recovered,25,25,1.0,0.8668077490609515,0.9999999999999999
24.0,0.6,0.02,parameters_recovered,25,12,0.48,0.30031285954112974,0.6650148304964322
24.0,0.6,0.08,parameters_recovered,25,13,0.52,0.3349851695035678,0.6996871404588704
24.0,0.6,0.3,parameters_recovered,25,24,0.96,0.8045593626380625,0.9929037664980127
24.0,0.6,1.0,parameters_recovered,25,25,1.0,0.8668077490609515,0.9999999999999999
24.0,1.0,0.02,parameters_recovered,25,0,0.0,1.3877787807814457e-17,0.13319225093904846
24.0,1.0,0.08,parameters_recovered,25,2,0.08,0.022220401284847563,0.24966108950395313
24.0,1.0,0.3,parameters_recovered,25,10,0.4,0.23403302377747973,0.5926054264103301
24.0,1.0,1.0,parameters_recovered,25,11,0.44,0.26665638881067344,0.6293266813020123
