channel,u0,tE,rho,q,s,mag_ref,seed,event_delta_chi2,anomaly_delta_chi2,event_detected,anomaly_detected,recovered,failure_reason,n_points_in_anomaly_window,wall_time_s
ffp,0.02,0.02,0.005,0.0,1.0,19.0,0,72263.13603332809,0.8755406144226917,True,True,True,recovered,5,0.0902585000731051
ffp,0.02,0.02,0.005,0.0,1.0,19.0,1,72282.98197040151,2.436162206375433,True,True,True,recovered,5,0.09955439995974302
ffp,0.02,0.02,0.005,0.0,1.0,19.0,2,72030.29370266132,1.3493267653412848,True,True,True,recovered,5,0.13005249993875623
ffp,0.02,0.02,0.005,0.0,1.0,19.0,3,72197.63097177767,0.9127044582572398,True,True,True,recovered,5,0.07516489969566464
ffp,0.02,0.02,0.005,0.0,1.0,19.0,4,72065.4055575497,3.646262077414765,True,True,True,recovered,5,0.0778103000484407
ffp,0.02,0.08,0.005,0.0,1.0,19.0,0,511349.7053788161,18.053666288040844,True,True,True,recovered,28,0.048094000201672316
ffp,0.02,0.08,0.005,0.0,1.0,19.0,1,508167.5242073141,22.407702578322333,True,True,True,recovered,27,0.044563600327819586
ffp,0.02,0.08,0.005,0.0,1.0,19.0,2,510286.2251680383,22.05758905858091,True,True,True,recovered,28,0.04106770036742091
ffp,0.02,0.08,0.005,0.0,1.0,19.0,3,511146.896518345,19.304319928786864,True,True,True,recovered,28,0.041872499976307154
ffp,0.02,0.08,0.005,0.0,1.0,19.0,4,511469.5043648797,22.081439763438134,True,True,True,recovered,28,0.04487639991566539
ffp,0.02,0.3,0.005,0.0,1.0,19.0,0,2537054.6613618876,93.26051825321689,True,True,True,recovered,105,0.0375789999961853
ffp,0.02,0.3,0.005,0.0,1.0,19.0,1,2480839.6678861845,82.80465687476506,True,True,True,recovered,104,0.03741850005462766
ffp,0.02,0.3,0.005,0.0,1.0,19.0,2,2528196.884987536,87.3095604937385,True,True,True,recovered,106,0.045773900113999844
ffp,0.02,0.3,0.005,0.0,1.0,19.0,3,2542678.699053506,103.00671068414071,True,True,True,recovered,105,0.0369031997397542
ffp,0.02,0.3,0.005,0.0,1.0,19.0,4,2521767.7345973686,121.14226062330357,True,True,True,recovered,105,0.03829480009153485
ffp,0.02,1.0,0.005,0.0,1.0,19.0,0,8824151.7408879,332.55117346029357,True,True,True,recovered,354,0.04101799987256527
ffp,0.02,1.0,0.005,0.0,1.0,19.0,1,8732783.762773644,301.1476130057039,True,True,True,recovered,354,0.03916750010102987
ffp,0.02,1.0,0.005,0.0,1.0,19.0,2,8865664.224035606,384.20983168970463,True,True,True,recovered,357,0.038565900176763535
ffp,0.02,1.0,0.005,0.0,1.0,19.0,3,8882539.69684532,379.6793506866058,True,True,True,recovered,355,0.04155400022864342
ffp,0.02,1.0,0.005,0.0,1.0,19.0,4,8823148.521345174,373.8376742234685,True,True,True,recovered,355,0.0401185997761786
ffp,0.1,0.02,0.005,0.0,1.0,19.0,0,69921.3574246575,0.871284617010882,True,True,True,recovered,5,0.06569329975172877
ffp,0.1,0.02,0.005,0.0,1.0,19.0,1,69940.0133925961,2.437729336188496,True,True,True,recovered,5,0.05284109991043806
ffp,0.1,0.02,0.005,0.0,1.0,19.0,2,69687.90686038285,1.3457827302304293,True,True,True,recovered,5,0.0744619001634419
ffp,0.1,0.02,0.005,0.0,1.0,19.0,3,69857.58095771754,0.6605021956415066,True,True,True,recovered,5,0.054556299932301044
ffp,0.1,0.02,0.005,0.0,1.0,19.0,4,69723.91000395775,2.239638536875807,True,True,True,recovered,5,0.07847540033981204
ffp,0.1,0.08,0.005,0.0,1.0,19.0,0,488434.9748350193,17.789100163581978,True,True,True,recovered,28,0.04669420002028346
ffp,0.1,0.08,0.005,0.0,1.0,19.0,1,485284.75812179263,22.45976635713291,True,True,True,recovered,27,0.049041999969631433
ffp,0.1,0.08,0.005,0.0,1.0,19.0,2,487359.21037266206,22.114071976336408,True,True,True,recovered,28,0.04320980003103614
ffp,0.1,0.08,0.005,0.0,1.0,19.0,3,488234.03337422764,19.284938773977213,True,True,True,recovered,28,0.046213900204747915
ffp,0.1,0.08,0.005,0.0,1.0,19.0,4,488528.7727375246,21.321601930561158,True,True,True,recovered,28,0.03620709991082549
ffp,0.1,0.3,0.005,0.0,1.0,19.0,0,2404829.9669829346,93.33269336786951,True,True,True,recovered,105,0.036471900064498186
ffp,0.1,0.3,0.005,0.0,1.0,19.0,1,2350806.8960449984,82.49171750911214,True,True,True,recovered,104,0.03637870028614998
ffp,0.1,0.3,0.005,0.0,1.0,19.0,2,2396078.3943007556,88.25318421367447,True,True,True,recovered,106,0.03657739982008934
ffp,0.1,0.3,0.005,0.0,1.0,19.0,3,2410356.3252092022,102.94329676913239,True,True,True,recovered,105,0.036004799883812666
ffp,0.1,0.3,0.005,0.0,1.0,19.0,4,2389936.4015411115,121.10773477285773,True,True,True,recovered,105,0.03772050002589822
ffp,0.1,1.0,0.005,0.0,1.0,19.0,0,8306451.460115799,332.6194748976601,True,True,True,recovered,354,0.03664839966222644
ffp,0.1,1.0,0.005,0.0,1.0,19.0,1,8223278.849547279,300.63689135292054,True,True,True,recovered,354,0.03623569989576936
ffp,0.1,1.0,0.005,0.0,1.0,19.0,2,8347239.376089656,385.98886355811504,True,True,True,recovered,357,0.03738939994946122
ffp,0.1,1.0,0.005,0.0,1.0,19.0,3,8362569.122530038,380.04992868294073,True,True,True,recovered,355,0.03781830007210374
ffp,0.1,1.0,0.005,0.0,1.0,19.0,4,8306713.774262906,374.76337407921176,True,True,True,recovered,355,0.03805520012974739
ffp,0.3,0.02,0.005,0.0,1.0,19.0,0,54738.00920549228,0.8335264287720502,True,True,True,recovered,5,0.07158130034804344
ffp,0.3,0.02,0.005,0.0,1.0,19.0,1,54750.249436359736,2.4504282412008265,True,True,True,recovered,5,0.05443500028923154
ffp,0.3,0.02,0.005,0.0,1.0,19.0,2,54503.84506768851,1.3121556775876626,True,True,True,recovered,5,0.053344900254160166
ffp,0.3,0.02,0.005,0.0,1.0,19.0,3,54684.22054282172,0.7154419727624066,True,True,True,recovered,5,0.0456574996933341
ffp,0.3,0.02,0.005,0.0,1.0,19.0,4,54539.409708052604,2.127673142851984,True,True,True,recovered,5,0.07970390003174543
ffp,0.3,0.08,0.005,0.0,1.0,19.0,0,371316.6764384812,16.09759966216123,True,True,True,recovered,28,0.046604199800640345
ffp,0.3,0.08,0.005,0.0,1.0,19.0,1,368450.81593829865,22.635213815831655,True,True,True,recovered,27,0.04593120003119111
ffp,0.3,0.08,0.005,0.0,1.0,19.0,2,370216.5251193359,22.328405373936814,True,True,True,recovered,28,0.04485800024122
ffp,0.3,0.08,0.005,0.0,1.0,19.0,3,371114.94286686135,19.11769737696599,True,True,True,recovered,28,0.04810679983347654
ffp,0.3,0.08,0.005,0.0,1.0,19.0,4,371317.9263321271,17.01400059063954,True,True,True,recovered,28,0.04596860008314252
ffp,0.3,0.3,0.005,0.0,1.0,19.0,0,1779311.231090501,93.11211440214936,True,True,True,recovered,105,0.038573999889194965
ffp,0.3,0.3,0.005,0.0,1.0,19.0,1,1739017.9748132892,82.28618010392563,True,True,True,recovered,104,0.04795899987220764
ffp,0.3,0.3,0.005,0.0,1.0,19.0,2,1771699.837023372,87.59702421899124,True,True,True,recovered,106,0.04390290006995201
ffp,0.3,0.3,0.005,0.0,1.0,19.0,3,1784126.4112699935,103.49561250725917,True,True,True,recovered,105,0.037941699847579
ffp,0.3,0.3,0.005,0.0,1.0,19.0,4,1767365.3107624736,121.48922921530641,True,True,True,recovered,105,0.044546599965542555
ffp,0.3,1.0,0.005,0.0,1.0,19.0,0,6048611.597606962,332.1624970040839,True,True,True,recovered,354,0.04634439991787076
ffp,0.3,1.0,0.005,0.0,1.0,19.0,1,5994631.000587474,299.6933363288214,True,True,True,recovered,354,0.044142600148916245
ffp,0.3,1.0,0.005,0.0,1.0,19.0,2,6082471.933039434,386.3753730336481,True,True,True,recovered,357,0.037994999904185534
ffp,0.3,1.0,0.005,0.0,1.0,19.0,3,6090824.999477853,380.52055172360156,True,True,True,recovered,355,0.03881769999861717
ffp,0.3,1.0,0.005,0.0,1.0,19.0,4,6051887.384248619,374.03317620711437,True,True,True,recovered,355,0.03819250036031008
ffp,0.6,0.02,0.005,0.0,1.0,19.0,0,29231.407347181026,0.6903709193693796,True,True,True,recovered,5,0.0974489999935031
ffp,0.6,0.02,0.005,0.0,1.0,19.0,1,29239.328392031763,2.486833010833584,True,True,True,recovered,5,0.054408800322562456
ffp,0.6,0.02,0.005,0.0,1.0,19.0,2,29015.18951105517,1.1685809215502345,True,True,True,recovered,5,0.06706849997863173
ffp,0.6,0.02,0.005,0.0,1.0,19.0,3,29193.651406755816,0.880163025405208,True,True,True,recovered,5,0.05142859974876046
ffp,0.6,0.02,0.005,0.0,1.0,19.0,4,29057.24364714002,1.9190281136330813,True,True,True,recovered,5,0.09444240015000105
ffp,0.6,0.08,0.005,0.0,1.0,19.0,0,195868.94515367606,15.586647460826905,True,True,True,recovered,28,0.0548824998550117
ffp,0.6,0.08,0.005,0.0,1.0,19.0,1,193768.15054944274,22.66056624862473,True,True,True,recovered,27,0.045508299954235554
ffp,0.6,0.08,0.005,0.0,1.0,19.0,2,194858.81670276687,23.297005902813225,True,True,True,recovered,28,0.052106599789112806
ffp,0.6,0.08,0.005,0.0,1.0,19.0,3,195685.6819067311,18.8475949015748,True,True,True,recovered,28,0.05559660028666258
ffp,0.6,0.08,0.005,0.0,1.0,19.0,4,195799.80518102224,14.619332678998084,True,True,True,recovered,28,0.0635599996894598
ffp,0.6,0.3,0.005,0.0,1.0,19.0,0,901074.6355457824,93.32627344718874,True,True,True,recovered,105,0.038896100129932165
ffp,0.6,0.3,0.005,0.0,1.0,19.0,1,881899.366664189,82.7156937494688,True,True,True,recovered,104,0.04643680015578866
ffp,0.6,0.3,0.005,0.0,1.0,19.0,2,896296.4234625326,86.9582295472417,True,True,True,recovered,106,0.05431810021400452
ffp,0.6,0.3,0.005,0.0,1.0,19.0,3,904252.0190575817,103.68787050206532,True,True,True,recovered,105,0.036061800085008144
ffp,0.6,0.3,0.005,0.0,1.0,19.0,4,894809.5558648142,122.41691054886391,True,True,True,recovered,105,0.04769580019637942
ffp,0.6,1.0,0.005,0.0,1.0,19.0,0,3018023.803548012,331.36211050837073,True,True,True,recovered,354,0.04480929998680949
ffp,0.6,1.0,0.005,0.0,1.0,19.0,1,2993257.405826505,298.2997597373864,True,True,True,recovered,354,0.052565500140190125
ffp,0.6,1.0,0.005,0.0,1.0,19.0,2,3035179.000576634,385.7869921110404,True,True,True,recovered,357,0.046375200152397156
ffp,0.6,1.0,0.005,0.0,1.0,19.0,3,3038817.994841243,380.66577450906345,True,True,True,recovered,355,0.043837899807840586
ffp,0.6,1.0,0.005,0.0,1.0,19.0,4,3019644.689590098,374.14261439722196,True,True,True,recovered,355,0.038266600109636784
ffp,1.0,0.02,0.005,0.0,1.0,19.0,0,10565.999330849976,0.4288734172385024,True,True,True,recovered,5,0.39169539976865053
ffp,1.0,0.02,0.005,0.0,1.0,19.0,1,10578.937221331791,2.537260787690403,True,True,True,recovered,5,0.10195410018786788
ffp,1.0,0.02,0.005,0.0,1.0,19.0,2,10400.733542531409,0.8653170371148231,True,True,True,recovered,5,0.1897790003567934
ffp,1.0,0.02,0.005,0.0,1.0,19.0,3,10543.232231625341,1.1424921642124382,True,True,True,recovered,5,0.0861976002342999
ffp,1.0,0.02,0.005,0.0,1.0,19.0,4,10457.612914831072,2.1312336723276872,True,True,True,recovered,5,0.15263810008764267
ffp,1.0,0.08,0.005,0.0,1.0,19.0,0,69796.3110339444,17.198205089078602,True,True,True,recovered,28,0.07376950001344085
ffp,1.0,0.08,0.005,0.0,1.0,19.0,1,68675.16627967099,22.531368278522464,True,True,True,recovered,27,0.06505249999463558
ffp,1.0,0.08,0.005,0.0,1.0,19.0,2,69058.90483740593,24.895223463259605,True,True,True,recovered,28,0.08561949990689754
ffp,1.0,0.08,0.005,0.0,1.0,19.0,3,69660.54386306783,18.906932776734337,True,True,True,recovered,28,0.09140849998220801
ffp,1.0,0.08,0.005,0.0,1.0,19.0,4,69702.38123700485,17.67223405718861,True,True,True,recovered,28,0.10695199994370341
ffp,1.0,0.3,0.005,0.0,1.0,19.0,0,306737.3720547641,93.45795724316913,True,True,True,recovered,105,0.05188459996134043
ffp,1.0,0.3,0.005,0.0,1.0,19.0,1,300899.5054593482,82.68372609893122,True,True,True,recovered,104,0.05154250003397465
ffp,1.0,0.3,0.005,0.0,1.0,19.0,2,304623.1851918348,87.8034410542239,True,True,True,recovered,106,0.0864901002496481
ffp,1.0,0.3,0.005,0.0,1.0,19.0,3,308154.25167782,103.59685376698131,True,True,True,recovered,105,0.03717469982802868
ffp,1.0,0.3,0.005,0.0,1.0,19.0,4,304799.3389087833,121.94896736573205,True,True,True,recovered,105,0.05450410023331642
ffp,1.0,1.0,0.005,0.0,1.0,19.0,0,1015921.1515989981,331.02701682155237,True,True,True,recovered,354,0.06933300010859966
ffp,1.0,1.0,0.005,0.0,1.0,19.0,1,1007540.0402795348,296.99164554231174,True,True,True,recovered,354,0.060822300147265196
ffp,1.0,1.0,0.005,0.0,1.0,19.0,2,1020092.7199917488,385.9958103666753,True,True,True,recovered,357,0.04574970016255975
ffp,1.0,1.0,0.005,0.0,1.0,19.0,3,1022431.2338139699,380.4933326486546,True,True,True,recovered,355,0.05402369983494282
ffp,1.0,1.0,0.005,0.0,1.0,19.0,4,1015558.3495810463,374.65877719605805,True,True,True,recovered,355,0.04474249994382262
ffp,1.5,0.02,0.005,0.0,1.0,19.0,0,2905.963318039874,0.7959990739793671,True,True,True,recovered,5,0.6099056997336447
ffp,1.5,0.02,0.005,0.0,1.0,19.0,1,2923.3936396676218,2.5306123030530174,True,True,True,recovered,5,0.5060592000372708
ffp,1.5,0.02,0.005,0.0,1.0,19.0,2,2802.1694466468325,0.9484421776591649,True,True,True,recovered,5,0.4770991997793317
ffp,1.5,0.02,0.005,0.0,1.0,19.0,3,2895.9261832395496,1.3188701881390554,True,True,True,recovered,5,0.25202659983187914
ffp,1.5,0.02,0.005,0.0,1.0,19.0,4,2864.7401517122344,3.034906631548181,True,True,True,recovered,5,0.29350929986685514
ffp,1.5,0.08,0.005,0.0,1.0,19.0,0,18558.195341579878,17.387379324217413,True,True,True,recovered,28,0.25492369988933206
ffp,1.5,0.08,0.005,0.0,1.0,19.0,1,18116.28562941573,22.317931806723834,True,True,True,recovered,27,0.21203440008684993
ffp,1.5,0.08,0.005,0.0,1.0,19.0,2,18130.903309578236,25.6892807691565,True,True,True,recovered,28,0.16275550005957484
ffp,1.5,0.08,0.005,0.0,1.0,19.0,3,18476.615015943607,19.299222938078334,True,True,True,recovered,28,0.2359099998138845
ffp,1.5,0.08,0.005,0.0,1.0,19.0,4,18471.869958695774,20.936549223316735,True,True,True,recovered,28,0.17538650007918477
ffp,1.5,0.3,0.005,0.0,1.0,19.0,0,77887.80288553803,93.67279177162196,True,True,True,recovered,105,0.11096990015357733
ffp,1.5,0.3,0.005,0.0,1.0,19.0,1,76503.9580721336,82.6202444022513,True,True,True,recovered,104,0.19826339976862073
ffp,1.5,0.3,0.005,0.0,1.0,19.0,2,77009.21635964914,89.94323461065402,True,True,True,recovered,106,0.21938200015574694
ffp,1.5,0.3,0.005,0.0,1.0,19.0,3,78321.01804618433,103.47713121022385,True,True,True,recovered,105,0.038912500254809856
ffp,1.5,0.3,0.005,0.0,1.0,19.0,4,77442.95188320543,121.0605326121796,True,True,True,recovered,105,0.1777637000195682
ffp,1.5,1.0,0.005,0.0,1.0,19.0,0,256259.72601628682,331.51806722964284,True,True,True,recovered,354,0.14685529982671142
ffp,1.5,1.0,0.005,0.0,1.0,19.0,1,253591.1868851494,296.3238470633154,True,True,True,recovered,354,0.08553849998861551
ffp,1.5,1.0,0.005,0.0,1.0,19.0,2,256150.7324113346,386.27734037088874,True,True,True,recovered,357,0.1417980999685824
ffp,1.5,1.0,0.005,0.0,1.0,19.0,3,257580.52318125495,380.56452566157316,True,True,True,recovered,355,0.08720589987933636
ffp,1.5,1.0,0.005,0.0,1.0,19.0,4,255559.55266541854,374.8769797789959,True,True,True,recovered,355,0.05650850012898445
ffp,2.5,0.02,0.005,0.0,1.0,19.0,0,303.30154492965085,1.9542349468186282,False,False,False,event_below_threshold,5,0.46681909961625934
ffp,2.5,0.02,0.005,0.0,1.0,19.0,1,313.1554943833471,2.786135218940521,False,False,False,event_below_threshold,5,0.2062865998595953
ffp,2.5,0.02,0.005,0.0,1.0,19.0,2,264.47596791038086,1.474611711693958,False,False,False,event_below_threshold,5,0.4544290998019278
ffp,2.5,0.02,0.005,0.0,1.0,19.0,3,300.80943956875126,1.533714794559387,False,False,False,event_below_threshold,5,0.04792280029505491
ffp,2.5,0.02,0.005,0.0,1.0,19.0,4,305.5207538433169,2.908954657671895,False,False,False,event_below_threshold,5,0.3443875997327268
ffp,2.5,0.08,0.005,0.0,1.0,19.0,0,1782.9208608486442,17.826468583031602,True,True,True,recovered,28,0.1724775000475347
ffp,2.5,0.08,0.005,0.0,1.0,19.0,1,1705.8770522599953,22.081353747641664,True,True,True,recovered,27,0.5796819999814034
ffp,2.5,0.08,0.005,0.0,1.0,19.0,2,1646.4814872180577,26.072819540957674,True,True,True,recovered,28,0.5467784996144474
ffp,2.5,0.08,0.005,0.0,1.0,19.0,3,1758.9157895600292,20.095706881899762,True,True,True,recovered,28,0.548032300081104
ffp,2.5,0.08,0.005,0.0,1.0,19.0,4,1743.9114638144965,20.34386954196503,True,True,True,recovered,28,0.518245100043714
ffp,2.5,0.3,0.005,0.0,1.0,19.0,0,6998.226999972932,94.11718949737794,True,True,True,recovered,105,0.5985869001597166
ffp,2.5,0.3,0.005,0.0,1.0,19.0,1,6816.060949808285,82.84354808863989,True,True,True,recovered,104,0.5502772000618279
ffp,2.5,0.3,0.005,0.0,1.0,19.0,2,6713.9354620072845,91.311224096187,True,True,True,recovered,106,0.7121015000157058
ffp,2.5,0.3,0.005,0.0,1.0,19.0,3,7038.9378970353355,103.73863321638316,True,True,True,recovered,105,0.10267179971560836
ffp,2.5,0.3,0.005,0.0,1.0,19.0,4,6909.237362200045,120.65442446358702,True,True,True,recovered,105,0.048148700036108494
ffp,2.5,1.0,0.005,0.0,1.0,19.0,0,22939.397843129293,332.02448662372177,True,True,True,recovered,354,0.6981581002473831
ffp,2.5,1.0,0.005,0.0,1.0,19.0,1,22276.266468127957,296.0911802802624,True,True,True,recovered,354,0.5369578003883362
ffp,2.5,1.0,0.005,0.0,1.0,19.0,2,22431.145360230323,386.9761340890274,True,True,True,recovered,357,0.9450322003103793
ffp,2.5,1.0,0.005,0.0,1.0,19.0,3,22925.096807259863,380.7895145033275,True,True,True,recovered,355,0.5345426998101175
ffp,2.5,1.0,0.005,0.0,1.0,19.0,4,22566.72835570514,375.1561445916983,True,True,True,recovered,355,0.7055230000987649
ffp,0.02,0.02,0.005,0.0,1.0,22.0,0,7148.262086324401,0.9076290705504663,True,True,True,recovered,5,0.26690830010920763
ffp,0.02,0.02,0.005,0.0,1.0,22.0,1,7138.650625488823,2.408247008573516,True,True,True,recovered,5,0.136799699626863
ffp,0.02,0.02,0.005,0.0,1.0,22.0,2,7103.52183643615,1.3872178223204967,True,True,True,recovered,5,0.23322679987177253
ffp,0.02,0.02,0.005,0.0,1.0,22.0,3,7143.411135790564,0.9128267440761594,True,True,True,recovered,5,0.12802599975839257
ffp,0.02,0.02,0.005,0.0,1.0,22.0,4,7092.452317504591,2.2949178354307613,True,True,True,recovered,5,0.3113268003799021
ffp,0.02,0.08,0.005,0.0,1.0,22.0,0,111127.38024202854,18.944110750233367,True,True,True,recovered,28,0.05000580009073019
ffp,0.02,0.08,0.005,0.0,1.0,22.0,1,111074.14913301083,22.299976911698113,True,True,True,recovered,27,0.04911179980263114
ffp,0.02,0.08,0.005,0.0,1.0,22.0,2,110882.80640677539,21.371359554233617,True,True,True,recovered,28,0.06644940003752708
ffp,0.02,0.08,0.005,0.0,1.0,22.0,3,111093.49830065678,19.577023015261446,True,True,True,recovered,28,0.07025410002097487
ffp,0.02,0.08,0.005,0.0,1.0,22.0,4,111156.75189522025,22.70271894362163,True,True,True,recovered,28,0.04589110007509589
ffp,0.02,0.3,0.005,0.0,1.0,22.0,0,672177.4791495828,93.1864558129753,True,True,True,recovered,105,0.048338400200009346
ffp,0.02,0.3,0.005,0.0,1.0,22.0,1,664789.7344006745,82.73200156305208,True,True,True,recovered,104,0.03837179997935891
ffp,0.02,0.3,0.005,0.0,1.0,22.0,2,671262.5345852255,85.70811801895964,True,True,True,recovered,106,0.04588499991223216
ffp,0.02,0.3,0.005,0.0,1.0,22.0,3,672261.902262543,103.50577861747674,True,True,True,recovered,105,0.045534499920904636
ffp,0.02,0.3,0.005,0.0,1.0,22.0,4,671186.3229056365,121.91728197730782,True,True,True,recovered,105,0.037087200209498405
ffp,0.02,1.0,0.005,0.0,1.0,22.0,0,2799926.0583475037,332.47618601079796,True,True,True,recovered,354,0.03822219977155328
ffp,0.02,1.0,0.005,0.0,1.0,22.0,1,2741850.9034872637,300.8336450223396,True,True,True,recovered,354,0.03893199982121587
ffp,0.02,1.0,0.005,0.0,1.0,22.0,2,2795066.730838574,385.182759957149,True,True,True,recovered,357,0.042306500021368265
ffp,0.02,1.0,0.005,0.0,1.0,22.0,3,2807520.9271191247,380.02336367755004,True,True,True,recovered,355,0.045607900246977806
ffp,0.02,1.0,0.005,0.0,1.0,22.0,4,2787412.181783825,373.12793816176304,True,True,True,recovered,355,0.038411600049585104
ffp,0.1,0.02,0.005,0.0,1.0,22.0,0,6519.188439837868,0.9041747237346546,True,True,True,recovered,5,0.2068239003419876
ffp,0.1,0.02,0.005,0.0,1.0,22.0,1,6509.872720550811,2.410360335988251,True,True,True,recovered,5,0.06791870016604662
ffp,0.1,0.02,0.005,0.0,1.0,22.0,2,6474.906690812124,1.386181203251158,True,True,True,recovered,5,0.10535049997270107
ffp,0.1,0.02,0.005,0.0,1.0,22.0,3,6514.4047306516,0.667965856916345,True,True,True,recovered,5,0.17171059967949986
ffp,0.1,0.02,0.005,0.0,1.0,22.0,4,6464.181052362597,2.222215059473362,True,True,True,recovered,5,0.2667351998388767
ffp,0.1,0.08,0.005,0.0,1.0,22.0,0,80990.5315404395,18.862184120165598,True,True,True,recovered,28,0.04657360026612878
ffp,0.1,0.08,0.005,0.0,1.0,22.0,1,80934.76445611125,22.323654072661625,True,True,True,recovered,27,0.04550530016422272
ffp,0.1,0.08,0.005,0.0,1.0,22.0,2,80744.15040242692,21.386847545378796,True,True,True,recovered,28,0.04969840031117201
ffp,0.1,0.08,0.005,0.0,1.0,22.0,3,80959.4823487486,19.57082192460221,True,True,True,recovered,28,0.0463960999622941
ffp,0.1,0.08,0.005,0.0,1.0,22.0,4,81012.47163982726,22.590281169362587,True,True,True,recovered,28,0.04504969995468855
ffp,0.1,0.3,0.005,0.0,1.0,22.0,0,475411.69376052124,93.10782427627325,True,True,True,recovered,105,0.0463984003290534
ffp,0.1,0.3,0.005,0.0,1.0,22.0,1,468729.6535641781,82.86412481206597,True,True,True,recovered,104,0.03750819992274046
ffp,0.1,0.3,0.005,0.0,1.0,22.0,2,474485.485513674,87.1768572267245,True,True,True,recovered,106,0.045336199924349785
ffp,0.1,0.3,0.005,0.0,1.0,22.0,3,475491.8073719826,102.74854440737819,True,True,True,recovered,105,0.04570170026272535
ffp,0.1,0.3,0.005,0.0,1.0,22.0,4,474427.0791616872,120.5125082033537,True,True,True,recovered,105,0.05168689973652363
ffp,0.1,1.0,0.005,0.0,1.0,22.0,0,1892161.2701203264,332.5378716745265,True,True,True,recovered,354,0.040008199866861105
ffp,0.1,1.0,0.005,0.0,1.0,22.0,1,1854145.679570491,300.45251781766,True,True,True,recovered,354,0.03784930007532239
ffp,0.1,1.0,0.005,0.0,1.0,22.0,2,1888689.130493277,386.1855183657876,True,True,True,recovered,357,0.047641499899327755
ffp,0.1,1.0,0.005,0.0,1.0,22.0,3,1898901.0472666183,380.37536223062125,True,True,True,recovered,355,0.0383628997951746
ffp,0.1,1.0,0.005,0.0,1.0,22.0,4,1883080.6412253832,374.4242158387425,True,True,True,recovered,355,0.03633490018546581
ffp,0.3,0.02,0.005,0.0,1.0,22.0,0,3559.630965023767,0.8843107858366734,True,True,True,recovered,5,0.22351110028102994
ffp,0.3,0.02,0.005,0.0,1.0,22.0,1,3552.3656261620345,2.424272696673505,True,True,True,recovered,5,0.07715049991384149
ffp,0.3,0.02,0.005,0.0,1.0,22.0,2,3518.9005878721364,1.3727345468056853,True,True,True,recovered,5,0.09817599970847368
ffp,0.3,0.02,0.005,0.0,1.0,22.0,3,3554.4733734414112,0.6461471335766266,True,True,True,recovered,5,0.056592400185763836
ffp,0.3,0.02,0.005,0.0,1.0,22.0,4,3510.648221294934,2.1333502500287214,True,True,True,recovered,5,0.16079840017482638
ffp,0.3,0.08,0.005,0.0,1.0,22.0,0,27259.196431984208,17.399683189973015,True,True,True,recovered,28,0.055689300410449505
ffp,0.3,0.08,0.005,0.0,1.0,22.0,1,27206.417988031273,22.47768698996445,True,True,True,recovered,27,0.05533860018476844
ffp,0.3,0.08,0.005,0.0,1.0,22.0,2,27029.366317996268,21.63100589033077,True,True,True,recovered,28,0.05674949986860156
ffp,0.3,0.08,0.005,0.0,1.0,22.0,3,27230.007712151048,19.437054199905642,True,True,True,recovered,28,0.054131700191646814
ffp,0.3,0.08,0.005,0.0,1.0,22.0,4,27274.026690009894,19.23625105849564,True,True,True,recovered,28,0.0557736000046134
ffp,0.3,0.3,0.005,0.0,1.0,22.0,0,147800.86199515226,93.11990277851774,True,True,True,recovered,105,0.04908910021185875
ffp,0.3,0.3,0.005,0.0,1.0,22.0,1,144358.83197936887,82.23396314019726,True,True,True,recovered,104,0.04768909979611635
ffp,0.3,0.3,0.005,0.0,1.0,22.0,2,147000.98844442927,88.26198403291205,True,True,True,recovered,106,0.05489549972116947
ffp,0.3,0.3,0.005,0.0,1.0,22.0,3,147866.74044812063,103.24698356035091,True,True,True,recovered,105,0.044874700251966715
ffp,0.3,0.3,0.005,0.0,1.0,22.0,4,147058.31679849105,121.53702854611686,True,True,True,recovered,105,0.04855790035799146
ffp,0.3,1.0,0.005,0.0,1.0,22.0,0,532369.3984961031,332.54826090352014,True,True,True,recovered,354,0.044716399628669024
ffp,0.3,1.0,0.005,0.0,1.0,22.0,1,524673.6122431068,299.5332393421712,True,True,True,recovered,354,0.048288699705153704
ffp,0.3,1.0,0.005,0.0,1.0,22.0,2,532227.4493206656,387.69824599159097,True,True,True,recovered,357,0.036800799891352654
ffp,0.3,1.0,0.005,0.0,1.0,22.0,3,535577.601668429,380.8397210198061,True,True,True,recovered,355,0.0465723997913301
ffp,0.3,1.0,0.005,0.0,1.0,22.0,4,530883.5273101486,374.4195186369195,True,True,True,recovered,355,0.04825389990583062
ffp,0.6,0.02,0.005,0.0,1.0,22.0,0,1110.7102112512075,0.6625171620983964,True,True,True,recovered,5,0.4679231997579336
ffp,0.6,0.02,0.005,0.0,1.0,22.0,1,1107.4120902125578,2.466919416476176,True,True,True,recovered,5,0.10209820000454783
ffp,0.6,0.02,0.005,0.0,1.0,22.0,2,1078.8767831887162,1.2865048708289755,True,True,True,recovered,5,0.06765899993479252
ffp,0.6,0.02,0.005,0.0,1.0,22.0,3,1105.4537227425753,0.7893659828826927,True,True,True,recovered,5,0.06303930003196001
ffp,0.6,0.02,0.005,0.0,1.0,22.0,4,1076.0174614070347,2.199470161579769,True,True,True,recovered,5,0.18572619976475835
ffp,0.6,0.08,0.005,0.0,1.0,22.0,0,7429.908127797527,15.679172385454917,True,True,True,recovered,28,0.087336300406605
ffp,0.6,0.08,0.005,0.0,1.0,22.0,1,7387.6709163458,22.576161683600482,True,True,True,recovered,27,0.07119250018149614
ffp,0.6,0.08,0.005,0.0,1.0,22.0,2,7251.371169538732,22.289149326686992,True,True,True,recovered,28,0.09112689970061183
ffp,0.6,0.08,0.005,0.0,1.0,22.0,3,7403.71513045895,19.025849859830227,True,True,True,recovered,28,0.08282960020005703
ffp,0.6,0.08,0.005,0.0,1.0,22.0,4,7440.250363921128,13.961467032815095,True,True,True,recovered,28,0.18968329997733235
ffp,0.6,0.3,0.005,0.0,1.0,22.0,0,36213.448744567184,93.4484407451258,True,True,True,recovered,105,0.03895920002833009
ffp,0.6,0.3,0.005,0.0,1.0,22.0,1,35242.26381861152,82.78919041359123,True,True,True,recovered,104,0.05671739997342229
ffp,0.6,0.3,0.005,0.0,1.0,22.0,2,35704.48173547616,87.09798102709911,True,True,True,recovered,106,0.10864480026066303
ffp,0.6,0.3,0.005,0.0,1.0,22.0,3,36250.89133664925,103.70552978470153,True,True,True,recovered,105,0.04885229980573058
ffp,0.6,0.3,0.005,0.0,1.0,22.0,4,35860.471365370504,122.80308597763243,True,True,True,recovered,105,0.05148519994691014
ffp,0.6,1.0,0.005,0.0,1.0,22.0,0,123220.2090521704,331.72116296019294,True,True,True,recovered,354,0.06251179985702038
ffp,0.6,1.0,0.005,0.0,1.0,22.0,1,121643.8091829848,297.9697874243958,True,True,True,recovered,354,0.06684349989518523
ffp,0.6,1.0,0.005,0.0,1.0,22.0,2,123054.16507000616,386.74586792604964,True,True,True,recovered,357,0.058265600353479385
ffp,0.6,1.0,0.005,0.0,1.0,22.0,3,124029.09916806902,381.1812901825708,True,True,True,recovered,355,0.05678529990836978
ffp,0.6,1.0,0.005,0.0,1.0,22.0,4,122952.12673466581,374.2469041698794,True,True,True,recovered,355,0.046658700332045555
ffp,1.0,0.02,0.005,0.0,1.0,22.0,0,276.5612080690844,0.8564292541078768,False,False,False,event_below_threshold,5,0.4143857997842133
ffp,1.0,0.02,0.005,0.0,1.0,22.0,1,277.27765522585105,2.5022719530674844,False,False,False,event_below_threshold,5,0.33811259968206286
ffp,1.0,0.02,0.005,0.0,1.0,22.0,2,257.19348414515844,1.0090471416074596,False,False,False,event_below_threshold,5,0.3823863002471626
ffp,1.0,0.02,0.005,0.0,1.0,22.0,3,273.22639091448946,0.9846488455093338,False,False,False,event_below_threshold,5,0.13571929978206754
ffp,1.0,0.02,0.005,0.0,1.0,22.0,4,259.13536374825344,3.0080393662745544,False,False,False,event_below_threshold,5,0.18833669973537326
ffp,1.0,0.08,0.005,0.0,1.0,22.0,0,1796.514959441476,17.38466189743948,True,True,True,recovered,28,0.14233790012076497
ffp,1.0,0.08,0.005,0.0,1.0,22.0,1,1769.3694217592783,22.48855021182068,True,True,True,recovered,27,0.08240929991006851
ffp,1.0,0.08,0.005,0.0,1.0,22.0,2,1684.254512370244,24.067941594468003,True,True,True,recovered,28,0.16478450037539005
ffp,1.0,0.08,0.005,0.0,1.0,22.0,3,1778.0223994454645,18.928360123254716,True,True,True,recovered,28,0.1905570002272725
ffp,1.0,0.08,0.005,0.0,1.0,22.0,4,1794.8976296316687,18.266629047771378,True,True,True,recovered,28,0.8608593000099063
ffp,1.0,0.3,0.005,0.0,1.0,22.0,0,8062.437308500186,93.6856053949282,True,True,True,recovered,105,0.07191669987514615
ffp,1.0,0.3,0.005,0.0,1.0,22.0,1,7830.2742796827515,82.92109218381952,True,True,True,recovered,104,0.07808250002563
ffp,1.0,0.3,0.005,0.0,1.0,22.0,2,7795.8913712494905,87.94310152711095,True,True,True,recovered,106,1.2127725998871028
ffp,1.0,0.3,0.005,0.0,1.0,22.0,3,8073.4276041798585,103.6931379205764,True,True,True,recovered,105,0.04628609959036112
ffp,1.0,0.3,0.005,0.0,1.0,22.0,4,7938.041521552645,122.89612445322302,True,True,True,recovered,105,0.12100879987701774
ffp,1.0,1.0,0.005,0.0,1.0,22.0,0,26713.574363418913,331.18127872198835,True,True,True,recovered,354,0.149169800337404
ffp,1.0,1.0,0.005,0.0,1.0,22.0,1,26203.418349934713,296.2242623229975,True,True,True,recovered,354,0.15474889986217022
ffp,1.0,1.0,0.005,0.0,1.0,22.0,2,26350.957858444686,386.79287048417495,True,True,True,recovered,357,0.08101739967241883
ffp,1.0,1.0,0.005,0.0,1.0,22.0,3,26844.109341035684,381.0894153706809,True,True,True,recovered,355,0.0979438996873796
ffp,1.0,1.0,0.005,0.0,1.0,22.0,4,26486.341552646787,375.0478349543777,True,True,True,recovered,355,0.057888499926775694
ffp,1.5,0.02,0.005,0.0,1.0,22.0,0,64.84416845269152,1.0925400187672896,False,False,False,event_below_threshold,5,0.33701090002432466
ffp,1.5,0.02,0.005,0.0,1.0,22.0,1,67.07462592475349,2.5677360873796333,False,False,False,event_below_threshold,5,0.22239930042997003
ffp,1.5,0.02,0.005,0.0,1.0,22.0,2,56.09475276071316,0.8956988216990096,False,False,False,event_below_threshold,5,0.16566119994968176
ffp,1.5,0.02,0.005,0.0,1.0,22.0,3,63.606566410075175,1.1588333792231027,False,False,False,event_below_threshold,5,0.0628533000126481
ffp,1.5,0.02,0.005,0.0,1.0,22.0,4,60.99873275054415,3.1762385012938945,False,False,False,event_below_threshold,5,0.26387189980596304
ffp,1.5,0.08,0.005,0.0,1.0,22.0,0,403.4193926019798,17.66678031308213,False,False,False,event_below_threshold,28,0.36476209992542863
ffp,1.5,0.08,0.005,0.0,1.0,22.0,1,388.02903233724646,22.38141016124778,False,False,False,event_below_threshold,27,0.21470189979299903
ffp,1.5,0.08,0.005,0.0,1.0,22.0,2,344.1494191017191,25.25731427293744,False,False,False,event_below_threshold,28,0.06444959994405508
ffp,1.5,0.08,0.005,0.0,1.0,22.0,3,392.3893779036807,19.236658581275716,False,False,False,event_below_threshold,28,0.27174089988693595
ffp,1.5,0.08,0.005,0.0,1.0,22.0,4,396.06885501230863,20.0005716400399,False,False,False,event_below_threshold,28,0.057390599977225065
ffp,1.5,0.3,0.005,0.0,1.0,22.0,0,1689.4821541199126,93.95153575451002,True,True,True,recovered,105,0.2543744002468884
ffp,1.5,0.3,0.005,0.0,1.0,22.0,1,1622.9548147465393,82.94328684884664,True,True,True,recovered,104,0.512224200181663
ffp,1.5,0.3,0.005,0.0,1.0,22.0,2,1556.0049432165615,90.39823489608214,True,True,True,recovered,106,0.6137309996411204
ffp,1.5,0.3,0.005,0.0,1.0,22.0,3,1690.2282568336523,103.60368211596753,True,True,True,recovered,105,0.04801220027729869
ffp,1.5,0.3,0.005,0.0,1.0,22.0,4,1642.447771713647,122.15911903181593,True,True,True,recovered,105,0.5218954998999834
ffp,1.5,1.0,0.005,0.0,1.0,22.0,0,5529.622466073619,331.7562409277368,True,True,True,recovered,354,0.2901298999786377
ffp,1.5,1.0,0.005,0.0,1.0,22.0,1,5300.503021613011,295.4272568624519,True,True,True,recovered,354,0.5840958999469876
ffp,1.5,1.0,0.005,0.0,1.0,22.0,2,5276.836210653819,387.1297777854511,True,True,True,recovered,357,0.47616179985925555
ffp,1.5,1.0,0.005,0.0,1.0,22.0,3,5525.025416338998,381.1693691986366,True,True,True,recovered,355,0.18296499969437718
ffp,1.5,1.0,0.005,0.0,1.0,22.0,4,5380.0517467068275,375.459046896248,True,True,True,recovered,355,0.07600319990888238
ffp,2.5,0.02,0.005,0.0,1.0,22.0,0,6.864379847262171,1.0181088238659197,False,False,False,event_below_threshold,5,0.0661818003281951
ffp,2.5,0.02,0.005,0.0,1.0,22.0,1,8.28599886567099,2.802913053302418,False,False,False,event_below_threshold,5,0.06853620009496808
ffp,2.5,0.02,0.005,0.0,1.0,22.0,2,2.974494036017859,4.665683832252141,False,False,False,event_below_threshold,5,0.09894519997760653
ffp,2.5,0.02,0.005,0.0,1.0,22.0,3,7.034589384282299,1.1946029769528153,False,False,False,event_below_threshold,5,0.09133919980376959
ffp,2.5,0.02,0.005,0.0,1.0,22.0,4,11.770447826311283,1.919146093642587,False,False,False,event_below_threshold,5,0.07969909999519587
ffp,2.5,0.08,0.005,0.0,1.0,22.0,0,40.20896652030933,18.21833524123171,False,False,False,event_below_threshold,28,0.04993239976465702
ffp,2.5,0.08,0.005,0.0,1.0,22.0,1,35.023078592683305,22.2787947141438,False,False,False,event_below_threshold,27,0.2999286996200681
ffp,2.5,0.08,0.005,0.0,1.0,22.0,2,23.29953305676463,25.838035746515224,False,False,False,event_below_threshold,28,0.09032300021499395
ffp,2.5,0.08,0.005,0.0,1.0,22.0,3,37.11122752465599,20.52385780545206,False,False,False,event_below_threshold,28,0.04926020000129938
ffp,2.5,0.08,0.005,0.0,1.0,22.0,4,37.932719688855286,17.088653932206395,False,False,False,event_below_threshold,28,0.3680241000838578
ffp,2.5,0.3,0.005,0.0,1.0,22.0,0,149.97835652617505,94.20362438439133,False,False,False,event_below_threshold,105,0.46869630040600896
ffp,2.5,0.3,0.005,0.0,1.0,22.0,1,131.97403659047268,83.09776952646364,False,False,False,event_below_threshold,104,0.19244519993662834
ffp,2.5,0.3,0.005,0.0,1.0,22.0,2,106.484266097832,91.10874693326018,False,False,False,event_below_threshold,106,0.5100414999760687
ffp,2.5,0.3,0.005,0.0,1.0,22.0,3,147.50210695373244,104.07830242750859,False,False,False,event_below_threshold,105,0.5736217997036874
ffp,2.5,0.3,0.005,0.0,1.0,22.0,4,134.19958827988012,121.50740390794891,False,False,False,event_below_threshold,105,0.06845489982515574
ffp,2.5,1.0,0.005,0.0,1.0,22.0,0,481.7324476102731,332.2788151950263,False,False,False,event_below_threshold,354,0.21060589980334044
ffp,2.5,1.0,0.005,0.0,1.0,22.0,1,401.869247595263,294.88945867317625,False,False,False,event_below_threshold,354,0.6628967998549342
ffp,2.5,1.0,0.005,0.0,1.0,22.0,2,392.079318643031,387.95746834069155,False,False,False,event_below_threshold,357,0.24943119985982776
ffp,2.5,1.0,0.005,0.0,1.0,22.0,3,465.16264137718827,381.3943245687174,False,False,False,event_below_threshold,355,0.15620189998298883
ffp,2.5,1.0,0.005,0.0,1.0,22.0,4,423.0763790745914,375.80053463898,False,False,False,event_below_threshold,355,0.561300199944526
ffp,0.02,0.02,0.005,0.0,1.0,24.0,0,212.46614962242893,0.684728385481025,False,False,False,event_below_threshold,5,0.386540699750185
ffp,0.02,0.02,0.005,0.0,1.0,24.0,1,210.9270908525068,2.333840670474021,False,False,False,event_below_threshold,5,0.3226251997984946
ffp,0.02,0.02,0.005,0.0,1.0,24.0,2,1.375652265851386,208.10463950088496,False,False,False,event_below_threshold,5,5.954956999979913
ffp,0.02,0.02,0.005,0.0,1.0,24.0,3,211.4702995117841,1.0395259030076425,False,False,False,event_below_threshold,5,0.19572870014235377
ffp,0.02,0.02,0.005,0.0,1.0,24.0,4,203.91301841168024,3.108639431858578,False,False,False,event_below_threshold,5,0.21619219984859228
ffp,0.02,0.08,0.005,0.0,1.0,24.0,0,6018.750577778359,20.243487354124845,True,True,True,recovered,28,0.06126459967344999
ffp,0.02,0.08,0.005,0.0,1.0,24.0,1,6017.838325673627,21.54096844639583,True,True,True,recovered,27,0.06164220022037625
ffp,0.02,0.08,0.005,0.0,1.0,24.0,2,5978.815192059024,19.541298826638712,True,True,True,recovered,28,0.11253749998286366
ffp,0.02,0.08,0.005,0.0,1.0,24.0,3,6013.536642762891,20.48700986409104,True,True,True,recovered,28,0.07674810010939837
ffp,0.02,0.08,0.005,0.0,1.0,24.0,4,6016.20608772619,21.753112369636593,True,True,True,recovered,28,0.06052930001169443
ffp,0.02,0.3,0.005,0.0,1.0,24.0,0,63918.172784598835,93.14597863335534,True,True,True,recovered,105,0.054858800023794174
ffp,0.02,0.3,0.005,0.0,1.0,24.0,1,63662.935409850004,83.50757516257632,True,True,True,recovered,104,0.044569899793714285
ffp,0.02,0.3,0.005,0.0,1.0,24.0,2,63809.78949620994,85.76081831759709,True,True,True,recovered,106,0.05372089985758066
ffp,0.02,0.3,0.005,0.0,1.0,24.0,3,63902.85680953384,102.22462377062072,True,True,True,recovered,105,0.05250160023570061
ffp,0.02,0.3,0.005,0.0,1.0,24.0,4,63843.95119711256,126.35833056130807,True,True,True,recovered,105,0.04669479979202151
ffp,0.02,1.0,0.005,0.0,1.0,24.0,0,316790.18059760216,331.1266893365424,True,True,True,recovered,354,0.0475059999153018
ffp,0.02,1.0,0.005,0.0,1.0,24.0,1,313205.27885025326,293.74569711352603,True,True,True,recovered,354,0.04664679989218712
ffp,0.02,1.0,0.005,0.0,1.0,24.0,2,316372.34236535063,387.451725001163,True,True,True,recovered,357,0.04572089994326234
ffp,0.02,1.0,0.005,0.0,1.0,24.0,3,316973.9208891131,380.7899689529854,True,True,True,recovered,355,0.04465749999508262
ffp,0.02,1.0,0.005,0.0,1.0,24.0,4,316180.5388897235,372.37425819371254,True,True,True,recovered,355,0.048259600065648556
ffp,0.1,0.02,0.005,0.0,1.0,24.0,0,193.0738849002737,0.6801041892184196,False,False,False,event_below_threshold,5,0.30869559990242124
ffp,0.1,0.02,0.005,0.0,1.0,24.0,1,191.60783979527332,2.32894871637711,False,False,False,event_below_threshold,5,0.0803662003017962
ffp,0.1,0.02,0.005,0.0,1.0,24.0,2,50.20654151139024,139.44500796329817,False,False,False,event_below_threshold,5,38.1382458996959
ffp,0.1,0.02,0.005,0.0,1.0,24.0,3,192.08834615840897,1.002126971799224,False,False,False,event_below_threshold,5,0.16384629998356104
ffp,0.1,0.02,0.005,0.0,1.0,24.0,4,184.65666559552483,3.1219006573605474,False,False,False,event_below_threshold,5,0.30799670005217195
ffp,0.1,0.08,0.005,0.0,1.0,24.0,0,3116.2031347276134,20.138424426028532,True,True,True,recovered,28,0.06122050015255809
ffp,0.1,0.08,0.005,0.0,1.0,24.0,1,3116.008385300418,21.552190658463527,True,True,True,recovered,27,0.0615496002137661
ffp,0.1,0.08,0.005,0.0,1.0,24.0,2,3076.8784838195425,19.512871881867376,True,True,True,recovered,28,0.06202269997447729
ffp,0.1,0.08,0.005,0.0,1.0,24.0,3,3111.3345014422957,20.177987845287177,True,True,True,recovered,28,0.05363670038059354
ffp,0.1,0.08,0.005,0.0,1.0,24.0,4,3114.06125610094,21.64845578968523,True,True,True,recovered,28,0.051746499724686146
ffp,0.1,0.3,0.005,0.0,1.0,24.0,0,18966.660317680733,93.05467732809502,True,True,True,recovered,105,0.05379260005429387
ffp,0.1,0.3,0.005,0.0,1.0,24.0,1,18739.562526038768,83.85989862310791,True,True,True,recovered,104,0.046343700028955936
ffp,0.1,0.3,0.005,0.0,1.0,24.0,2,18858.828488618557,87.0801460919595,True,True,True,recovered,106,0.05336630018427968
ffp,0.1,0.3,0.005,0.0,1.0,24.0,3,18952.432078647922,101.45107137775794,True,True,True,recovered,105,0.054902900010347366
ffp,0.1,0.3,0.005,0.0,1.0,24.0,4,18896.467811094597,123.4471431242272,True,True,True,recovered,105,0.052354900166392326
ffp,0.1,1.0,0.005,0.0,1.0,24.0,0,79968.56565214951,331.2526890940146,True,True,True,recovered,354,0.04548909980803728
ffp,0.1,1.0,0.005,0.0,1.0,24.0,1,78191.54634677758,293.3917069644144,True,True,True,recovered,354,0.045090700034052134
ffp,0.1,1.0,0.005,0.0,1.0,24.0,2,79617.85660185234,388.3441082019756,True,True,True,recovered,357,0.05335199972614646
ffp,0.1,1.0,0.005,0.0,1.0,24.0,3,80127.1157376136,380.83124257809754,True,True,True,recovered,355,0.046257299836725
ffp,0.1,1.0,0.005,0.0,1.0,24.0,4,79518.76057243824,373.81825796274586,True,True,True,recovered,355,0.045148400124162436
ffp,0.3,0.02,0.005,0.0,1.0,24.0,0,104.91535168747214,0.6872606212287171,False,False,False,event_below_threshold,5,0.2751670000143349
ffp,0.3,0.02,0.005,0.0,1.0,24.0,1,103.9201937625694,2.3482829185607716,False,False,False,event_below_threshold,5,0.1500645000487566
ffp,0.3,0.02,0.005,0.0,1.0,24.0,2,82.65906983336026,19.48325393392209,False,False,False,event_below_threshold,5,38.73522699996829
ffp,0.3,0.02,0.005,0.0,1.0,24.0,3,103.99073291846435,0.8357040859674663,False,False,False,event_below_threshold,5,0.18437950033694506
ffp,0.3,0.02,0.005,0.0,1.0,24.0,4,97.47193023174623,3.236597114479081,False,False,False,event_below_threshold,5,0.2330175000242889
ffp,0.3,0.08,0.005,0.0,1.0,24.0,0,787.9676560252556,18.59849510387982,True,True,True,recovered,28,0.08694229973480105
ffp,0.3,0.08,0.005,0.0,1.0,24.0,1,787.4372898378933,21.634912603341668,True,True,True,recovered,27,0.07916620001196861
ffp,0.3,0.08,0.005,0.0,1.0,24.0,2,751.8720770507134,19.524816076236213,True,True,True,recovered,28,0.0899702999740839
ffp,0.3,0.08,0.005,0.0,1.0,24.0,3,782.7426499480061,20.00935799349606,True,True,True,recovered,28,0.06248930003494024
ffp,0.3,0.08,0.005,0.0,1.0,24.0,4,789.6286597127109,17.56330243058955,True,True,True,recovered,28,0.13661929965019226
ffp,0.3,0.3,0.005,0.0,1.0,24.0,0,4275.360336522957,93.15792201050611,True,True,True,recovered,105,0.05520940013229847
ffp,0.3,0.3,0.005,0.0,1.0,24.0,1,4155.102698972492,83.04420869565172,True,True,True,recovered,104,0.07197589986026287
ffp,0.3,0.3,0.005,0.0,1.0,24.0,2,4182.446721453518,88.51920577808038,True,True,True,recovered,106,0.07698759995400906
ffp,0.3,0.3,0.005,0.0,1.0,24.0,3,4262.642016337224,102.03398833597335,True,True,True,recovered,105,0.05324480030685663
ffp,0.3,0.3,0.005,0.0,1.0,24.0,4,4214.167462829457,124.69130055201033,True,True,True,recovered,105,0.05507799983024597
ffp,0.3,1.0,0.005,0.0,1.0,24.0,0,15425.6197644009,331.4963267189474,True,True,True,recovered,354,0.05438799969851971
ffp,0.3,1.0,0.005,0.0,1.0,24.0,1,15117.418614920534,292.51029992222897,True,True,True,recovered,354,0.054893400054425
ffp,0.3,1.0,0.005,0.0,1.0,24.0,2,15232.17610793552,390.37056946243445,True,True,True,recovered,357,0.0499936998821795
ffp,0.3,1.0,0.005,0.0,1.0,24.0,3,15479.826621929642,381.36508016447215,True,True,True,recovered,355,0.05349890002980828
ffp,0.3,1.0,0.005,0.0,1.0,24.0,4,15281.684820841183,374.6094475679939,True,True,True,recovered,355,0.04449380002915859
ffp,0.6,0.02,0.005,0.0,1.0,24.0,0,34.92315322919603,0.8537608341815879,False,False,False,event_below_threshold,5,0.20951580023393035
ffp,0.6,0.02,0.005,0.0,1.0,24.0,1,34.76387880825496,2.4145531197749532,False,False,False,event_below_threshold,5,0.16867859987542033
ffp,0.6,0.02,0.005,0.0,1.0,24.0,2,31.550505710642028,2.8174168060773015,False,False,False,event_below_threshold,5,0.22855539992451668
ffp,0.6,0.02,0.005,0.0,1.0,24.0,3,34.21672982274322,0.8680644532488435,False,False,False,event_below_threshold,5,0.09101260034367442
ffp,0.6,0.02,0.005,0.0,1.0,24.0,4,29.683472233547946,3.5685196029431974,False,False,False,event_below_threshold,5,0.19006309984251857
ffp,0.6,0.08,0.005,0.0,1.0,24.0,0,214.44188593175204,17.721940036443627,False,False,False,event_below_threshold,28,0.131693699862808
ffp,0.6,0.08,0.005,0.0,1.0,24.0,1,212.70165486240876,21.616723124130537,False,False,False,event_below_threshold,27,0.22181909997016191
ffp,0.6,0.08,0.005,0.0,1.0,24.0,2,186.92244774073333,19.602680994963247,False,False,False,event_below_threshold,28,0.13651630003005266
ffp,0.6,0.08,0.005,0.0,1.0,24.0,3,210.15932647023874,19.607169198630586,False,False,False,event_below_threshold,28,0.11765140015631914
ffp,0.6,0.08,0.005,0.0,1.0,24.0,4,215.54319718530314,17.552090976855318,False,False,False,event_below_threshold,28,0.4921503998339176
ffp,0.6,0.3,0.005,0.0,1.0,24.0,0,1026.4301952639507,93.88737433475185,True,True,True,recovered,105,0.045246100053191185
ffp,0.6,0.3,0.005,0.0,1.0,24.0,1,984.4489982100713,83.46725975112386,True,True,True,recovered,104,0.08488480001688004
ffp,0.6,0.3,0.005,0.0,1.0,24.0,2,962.3337457250891,87.58601594838794,True,True,True,recovered,106,0.7428878000937402
ffp,0.6,0.3,0.005,0.0,1.0,24.0,3,1017.1235699390381,102.77774155206761,True,True,True,recovered,105,0.04435080010443926
ffp,0.6,0.3,0.005,0.0,1.0,24.0,4,983.682474752648,125.5698389519123,True,True,True,recovered,105,0.09670419991016388
ffp,0.6,1.0,0.005,0.0,1.0,24.0,0,3462.0130872543596,330.49089842220474,True,True,True,recovered,354,0.11167560005560517
ffp,0.6,1.0,0.005,0.0,1.0,24.0,1,3364.335528414311,290.8427102180789,True,True,True,recovered,354,0.12730500008910894
ffp,0.6,1.0,0.005,0.0,1.0,24.0,2,3317.8878504602035,389.2399032676462,True,True,True,recovered,357,0.085060799960047
ffp,0.6,1.0,0.005,0.0,1.0,24.0,3,3451.629560847796,381.47951047464454,True,True,True,recovered,355,0.05366600025445223
ffp,0.6,1.0,0.005,0.0,1.0,24.0,4,3375.3051007421745,374.6296007244024,True,True,True,recovered,355,0.06517000030726194
ffp,1.0,0.02,0.005,0.0,1.0,24.0,0,10.607268461564672,1.3749213580410808,False,False,False,event_below_threshold,5,0.12103760009631515
ffp,1.0,0.02,0.005,0.0,1.0,24.0,1,10.974380664054479,2.5084125150835375,False,False,False,event_below_threshold,5,0.1695791999809444
ffp,1.0,0.02,0.005,0.0,1.0,24.0,2,6.75504504233686,5.040661731056289,False,False,False,event_below_threshold,5,11.429046400357038
ffp,1.0,0.02,0.005,0.0,1.0,24.0,3,10.268400396889774,0.9542884474176785,False,False,False,event_below_threshold,5,0.09331199992448092
ffp,1.0,0.02,0.005,0.0,1.0,24.0,4,10.882101659837645,2.873793107251538,False,False,False,event_below_threshold,5,0.2284527001902461
ffp,1.0,0.08,0.005,0.0,1.0,24.0,0,56.77334958848951,19.230450358880706,False,False,False,event_below_threshold,28,0.25068970024585724
ffp,1.0,0.08,0.005,0.0,1.0,24.0,1,55.13559142748272,21.585321863598008,False,False,False,event_below_threshold,27,0.05390940001234412
ffp,1.0,0.08,0.005,0.0,1.0,24.0,2,40.19889257802424,21.077922605804396,False,False,False,event_below_threshold,28,0.16531760012730956
ffp,1.0,0.08,0.005,0.0,1.0,24.0,3,54.55561125956592,19.596119497107964,False,False,False,event_below_threshold,28,0.15693659987300634
ffp,1.0,0.08,0.005,0.0,1.0,24.0,4,56.28341619222192,19.00704558303877,False,False,False,event_below_threshold,28,0.3401329996995628
ffp,1.0,0.3,0.005,0.0,1.0,24.0,0,242.2647514295095,94.36979663603472,False,False,False,event_below_threshold,105,0.18543840013444424
ffp,1.0,0.3,0.005,0.0,1.0,24.0,1,227.3852129956722,83.7130276363279,False,False,False,event_below_threshold,104,0.09556020004674792
ffp,1.0,0.3,0.005,0.0,1.0,24.0,2,202.81666711832077,89.68278132230155,False,False,False,event_below_threshold,106,0.4681448000483215
ffp,1.0,0.3,0.005,0.0,1.0,24.0,3,236.45631004562892,102.94478790548395,False,False,False,event_below_threshold,105,0.0449477001093328
ffp,1.0,0.3,0.005,0.0,1.0,24.0,4,216.14005806138448,126.5938041563636,False,False,False,event_below_threshold,105,0.05339489970356226
ffp,1.0,1.0,0.005,0.0,1.0,24.0,0,786.938431505594,329.9458573146142,True,True,True,recovered,354,0.14186480036005378
ffp,1.0,1.0,0.005,0.0,1.0,24.0,1,738.0709236101902,289.2738915787578,True,True,True,recovered,354,0.6949241999536753
ffp,1.0,1.0,0.005,0.0,1.0,24.0,2,689.3697075868622,388.3374360032838,True,True,True,recovered,357,0.20002399990335107
ffp,1.0,1.0,0.005,0.0,1.0,24.0,3,764.987389859074,380.8876914148812,True,True,True,recovered,355,0.13685180013999343
ffp,1.0,1.0,0.005,0.0,1.0,24.0,4,725.4205120498518,375.68939745287395,True,True,True,recovered,355,0.13610409991815686
ffp,1.5,0.02,0.005,0.0,1.0,24.0,0,3.8419069108422264,1.143323806414261,False,False,False,event_below_threshold,5,0.10410439968109131
ffp,1.5,0.02,0.005,0.0,1.0,24.0,1,4.091231161233736,2.6425278114815747,False,False,False,event_below_threshold,5,0.1494148001074791
ffp,1.5,0.02,0.005,0.0,1.0,24.0,2,3.7779376941543887,6.838151019858978,False,False,False,event_below_threshold,5,0.2281002001836896
ffp,1.5,0.02,0.005,0.0,1.0,24.0,3,3.5833259947030456,1.054207889894709,False,False,False,event_below_threshold,5,0.09107999969273806
ffp,1.5,0.02,0.005,0.0,1.0,24.0,4,1.6058357328147395,4.232754326132145,False,False,False,event_below_threshold,5,0.2862176997587085
ffp,1.5,0.08,0.005,0.0,1.0,24.0,0,16.121395867332467,19.432850490894957,False,False,False,event_below_threshold,28,0.1878759004175663
ffp,1.5,0.08,0.005,0.0,1.0,24.0,1,14.381873334365082,21.42730776915931,False,False,False,event_below_threshold,27,0.06197759974747896
ffp,1.5,0.08,0.005,0.0,1.0,24.0,2,7.742619139593444,22.917649358942043,False,False,False,event_below_threshold,28,0.06000689975917339
ffp,1.5,0.08,0.005,0.0,1.0,24.0,3,14.82245696848986,20.071294167966204,False,False,False,event_below_threshold,28,0.1754191000945866
ffp,1.5,0.08,0.005,0.0,1.0,24.0,4,17.48995394652593,16.738047047978636,False,False,False,event_below_threshold,28,0.19245770014822483
ffp,1.5,0.3,0.005,0.0,1.0,24.0,0,59.11302973602142,94.76447484803232,False,False,False,event_below_threshold,105,0.2804637001827359
ffp,1.5,0.3,0.005,0.0,1.0,24.0,1,51.8974507669991,83.74832949182058,False,False,False,event_below_threshold,104,0.0631797001697123
ffp,1.5,0.3,0.005,0.0,1.0,24.0,2,37.20986223134969,89.97368347132235,False,False,False,event_below_threshold,106,0.18779510026797652
ffp,1.5,0.3,0.005,0.0,1.0,24.0,3,54.74823866591032,102.9607221086562,False,False,False,event_below_threshold,105,0.1298267999663949
ffp,1.5,0.3,0.005,0.0,1.0,24.0,4,43.90995008702157,126.29224545600532,False,False,False,event_below_threshold,105,0.288909999653697
ffp,1.5,1.0,0.005,0.0,1.0,24.0,0,182.87261064611812,330.7661624705934,False,False,False,event_below_threshold,354,0.2799970996566117
ffp,1.5,1.0,0.005,0.0,1.0,24.0,1,155.92857119328983,287.9924177275674,False,False,False,event_below_threshold,354,0.3219012999907136
ffp,1.5,1.0,0.005,0.0,1.0,24.0,2,128.63730212736846,388.5283396683667,False,False,False,event_below_threshold,357,0.28800230007618666
ffp,1.5,1.0,0.005,0.0,1.0,24.0,3,165.86157682837074,380.51831059645815,False,False,False,event_below_threshold,355,0.17949469992890954
ffp,1.5,1.0,0.005,0.0,1.0,24.0,4,146.33214242175745,376.3311861753973,False,False,False,event_below_threshold,355,0.31695029977709055
ffp,2.5,0.02,0.005,0.0,1.0,24.0,0,1.4554503845211002,0.8325363402695822,False,False,False,event_below_threshold,5,0.09394669998437166
ffp,2.5,0.02,0.005,0.0,1.0,24.0,1,1.434965381755319,2.7686895434912304,False,False,False,event_below_threshold,5,0.11212120018899441
ffp,2.5,0.02,0.005,0.0,1.0,24.0,2,0.10528358045121422,5.845875048992797,False,False,False,event_below_threshold,5,0.07048079976812005
ffp,2.5,0.02,0.005,0.0,1.0,24.0,3,1.6170414253429044,1.8562469171031193,False,False,False,event_below_threshold,5,0.1692512002773583
ffp,2.5,0.02,0.005,0.0,1.0,24.0,4,3.9736696689287783,4.690334522688205,False,False,False,event_below_threshold,5,0.11615479970350862
ffp,2.5,0.08,0.005,0.0,1.0,24.0,0,3.3671611475001555,20.135019482948668,False,False,False,event_below_threshold,28,0.0990588003769517
ffp,2.5,0.08,0.005,0.0,1.0,24.0,1,2.4914684903997113,21.471596983249793,False,False,False,event_below_threshold,27,0.28160279989242554
ffp,2.5,0.08,0.005,0.0,1.0,24.0,2,0.2383055920508923,25.228890215402053,False,False,False,event_below_threshold,28,0.096342199947685
ffp,2.5,0.08,0.005,0.0,1.0,24.0,3,2.663419462121965,21.654004423964874,False,False,False,event_below_threshold,28,0.07822149991989136
ffp,2.5,0.08,0.005,0.0,1.0,24.0,4,3.0376829385131714,22.4123094726192,False,False,False,event_below_threshold,28,0.13465410005301237
ffp,2.5,0.3,0.005,0.0,1.0,24.0,0,10.044637329949182,94.96573695409356,False,False,False,event_below_threshold,105,0.27063170028850436
ffp,2.5,0.3,0.005,0.0,1.0,24.0,1,6.578987663029693,83.98308836788831,False,False,False,event_below_threshold,104,0.10915949987247586
ffp,2.5,0.3,0.005,0.0,1.0,24.0,2,3.8126358310400974,87.9181744460722,False,False,False,event_below_threshold,106,3.7945632999762893
ffp,2.5,0.3,0.005,0.0,1.0,24.0,3,6.974469240412873,103.08402255627452,False,False,False,event_below_threshold,105,0.08394329994916916
ffp,2.5,0.3,0.005,0.0,1.0,24.0,4,5.296341675566509,124.40421927682488,False,False,False,event_below_threshold,105,0.11890720017254353
ffp,2.5,1.0,0.005,0.0,1.0,24.0,0,25.315830830077175,331.0581405592155,False,False,False,event_below_threshold,354,0.1462567001581192
ffp,2.5,1.0,0.005,0.0,1.0,24.0,1,15.26348280741513,287.3733792486113,False,False,False,event_below_threshold,354,0.13562900014221668
ffp,2.5,1.0,0.005,0.0,1.0,24.0,2,6.934722592734033,388.32909673109606,False,False,False,event_below_threshold,357,0.06488130008801818
ffp,2.5,1.0,0.005,0.0,1.0,24.0,3,17.12670788160176,380.166292476292,False,False,False,event_below_threshold,355,0.08410480013117194
ffp,2.5,1.0,0.005,0.0,1.0,24.0,4,11.65121639015706,376.5449799346896,False,False,False,event_below_threshold,355,0.28372159972786903
ffp,0.02,0.02,0.005,0.0,1.0,25.5,0,21.16832705547131,1.137357448161511,False,False,False,event_below_threshold,5,0.28880330035462976
ffp,0.02,0.02,0.005,0.0,1.0,25.5,1,23.090522468097333,1.8058948708301799,False,False,False,event_below_threshold,5,0.23053000029176474
ffp,0.02,0.02,0.005,0.0,1.0,25.5,2,0.026400374965305673,22.165519039671654,False,False,False,event_below_threshold,5,0.21499199979007244
ffp,0.02,0.02,0.005,0.0,1.0,25.5,3,21.031634735725675,1.5008028354459648,False,False,False,event_below_threshold,5,0.15662739984691143
ffp,0.02,0.02,0.005,0.0,1.0,25.5,4,19.850009350906475,2.5357659318275654,False,False,False,event_below_threshold,5,0.2252045003697276
ffp,0.02,0.08,0.005,0.0,1.0,25.5,0,445.81325134239887,21.748371864779216,False,False,False,event_below_threshold,28,0.139699200168252
ffp,0.02,0.08,0.005,0.0,1.0,25.5,1,448.387889759033,17.12466728367098,False,False,False,event_below_threshold,27,0.08419890003278852
ffp,0.02,0.08,0.005,0.0,1.0,25.5,2,443.33754116772616,13.599618206332082,False,False,False,event_below_threshold,28,0.19376289984211326
ffp,0.02,0.08,0.005,0.0,1.0,25.5,3,443.5983221931856,20.59931665400463,False,False,False,event_below_threshold,28,0.08238670043647289
ffp,0.02,0.08,0.005,0.0,1.0,25.5,4,441.3441871525647,17.783179390596374,False,False,False,event_below_threshold,28,0.10911069996654987
ffp,0.02,0.3,0.005,0.0,1.0,25.5,0,5182.743099789324,85.74004725748043,True,True,True,recovered,105,0.06719739967957139
ffp,0.02,0.3,0.005,0.0,1.0,25.5,1,5163.510062297224,81.55671588316851,True,True,True,recovered,104,0.07335500000044703
ffp,0.02,0.3,0.005,0.0,1.0,25.5,2,5165.025458454511,81.19420170108776,True,True,True,recovered,106,0.06506750034168363
ffp,0.02,0.3,0.005,0.0,1.0,25.5,3,5173.558605166865,88.64781273532371,True,True,True,recovered,105,0.054008899722248316
ffp,0.02,0.3,0.005,0.0,1.0,25.5,4,5137.033214126663,128.97421473815996,True,True,True,recovered,105,0.06737839989364147
ffp,0.02,1.0,0.005,0.0,1.0,25.5,0,26718.02816986495,306.32006118577897,True,True,True,recovered,354,0.060693500097841024
ffp,0.02,1.0,0.005,0.0,1.0,25.5,1,26478.678744640085,257.47787776829387,True,True,True,recovered,354,0.06130209984257817
ffp,0.02,1.0,0.005,0.0,1.0,25.5,2,26623.035267626692,373.5470408766738,True,True,True,recovered,357,0.052319400012493134
ffp,0.02,1.0,0.005,0.0,1.0,25.5,3,26677.79849078076,353.85874105612106,True,True,True,recovered,355,0.04987809993326664
ffp,0.02,1.0,0.005,0.0,1.0,25.5,4,26599.872362158894,355.0318177490544,True,True,True,recovered,355,0.05673500010743737
ffp,0.1,0.02,0.005,0.0,1.0,25.5,0,19.69108519422298,1.1527267418139089,False,False,False,event_below_threshold,5,0.3167873998172581
ffp,0.1,0.02,0.005,0.0,1.0,25.5,1,21.621535910620878,1.8121210950820146,False,False,False,event_below_threshold,5,0.1437194999307394
ffp,0.1,0.02,0.005,0.0,1.0,25.5,2,0.4317278376693139,20.711453987742267,False,False,False,event_below_threshold,5,0.07921899994835258
ffp,0.1,0.02,0.005,0.0,1.0,25.5,3,19.567562196923973,1.4936390009207325,False,False,False,event_below_threshold,5,0.1474965000525117
ffp,0.1,0.02,0.005,0.0,1.0,25.5,4,18.41907407853796,2.5151147509510206,False,False,False,event_below_threshold,5,0.16097559966146946
ffp,0.1,0.08,0.005,0.0,1.0,25.5,0,242.8743145017288,21.62608496561617,False,False,False,event_below_threshold,28,0.09234979981556535
ffp,0.1,0.08,0.005,0.0,1.0,25.5,1,245.45855647011194,17.116959120052176,False,False,False,event_below_threshold,27,0.08664749981835485
ffp,0.1,0.08,0.005,0.0,1.0,25.5,2,240.58343761541983,13.479245076598719,False,False,False,event_below_threshold,28,0.12860790034756064
ffp,0.1,0.08,0.005,0.0,1.0,25.5,3,241.64566752216342,19.802666257369072,False,False,False,event_below_threshold,28,0.07066889991983771
ffp,0.1,0.08,0.005,0.0,1.0,25.5,4,239.04138940796474,17.467644418548915,False,False,False,event_below_threshold,28,0.09418549994006753
ffp,0.1,0.3,0.005,0.0,1.0,25.5,0,1434.4364683593267,85.91154380409326,True,True,True,recovered,105,0.05652519967406988
ffp,0.1,0.3,0.005,0.0,1.0,25.5,1,1418.1407433370332,82.17243394575772,True,True,True,recovered,104,0.07062850007787347
ffp,0.1,0.3,0.005,0.0,1.0,25.5,2,1417.286097527085,82.02864663569143,True,True,True,recovered,106,0.04945359984412789
ffp,0.1,0.3,0.005,0.0,1.0,25.5,3,1426.8823996881401,88.34699643026961,True,True,True,recovered,105,0.05455709993839264
ffp,0.1,0.3,0.005,0.0,1.0,25.5,4,1400.1263595279052,120.38129916330611,True,True,True,recovered,105,0.09530750010162592
ffp,0.1,1.0,0.005,0.0,1.0,25.5,0,5937.734138851083,305.4195608556119,True,True,True,recovered,354,0.05396910011768341
ffp,0.1,1.0,0.005,0.0,1.0,25.5,1,5826.903318808225,256.8840452349987,True,True,True,recovered,354,0.053237199783325195
ffp,0.1,1.0,0.005,0.0,1.0,25.5,2,5856.607210434329,365.16596280430326,True,True,True,recovered,357,0.07170230010524392
ffp,0.1,1.0,0.005,0.0,1.0,25.5,3,5905.234917836886,350.4114428326046,True,True,True,recovered,355,0.060194399673491716
ffp,0.1,1.0,0.005,0.0,1.0,25.5,4,5837.833874635991,356.21721105181723,True,True,True,recovered,355,0.052649099845439196
ffp,0.3,0.02,0.005,0.0,1.0,25.5,0,12.756314393835055,1.3340899834366868,False,False,False,event_below_threshold,5,0.22851759986951947
ffp,0.3,0.02,0.005,0.0,1.0,25.5,1,14.707612018712098,1.8572231387190516,False,False,False,event_below_threshold,5,0.0754746999591589
ffp,0.3,0.02,0.005,0.0,1.0,25.5,2,1.8878612183398218,12.172174813220082,False,False,False,event_below_threshold,5,7.903996500186622
ffp,0.3,0.02,0.005,0.0,1.0,25.5,3,12.687805346260575,1.4685321360579233,False,False,False,event_below_threshold,5,0.10965320002287626
ffp,0.3,0.02,0.005,0.0,1.0,25.5,4,11.703488110335456,2.3964864907002443,False,False,False,event_below_threshold,5,0.08770080003887415
ffp,0.3,0.08,0.005,0.0,1.0,25.5,0,77.15996434760018,20.836201004766178,False,False,False,event_below_threshold,28,0.09376339986920357
ffp,0.3,0.08,0.005,0.0,1.0,25.5,1,79.17724401037412,16.982070335491716,False,False,False,event_below_threshold,27,0.13618319993838668
ffp,0.3,0.08,0.005,0.0,1.0,25.5,2,74.99956108646438,13.177616467313904,False,False,False,event_below_threshold,28,0.11331179970875382
ffp,0.3,0.08,0.005,0.0,1.0,25.5,3,76.2423954838232,19.37076602075516,False,False,False,event_below_threshold,28,0.08636979991570115
ffp,0.3,0.08,0.005,0.0,1.0,25.5,4,77.87561175411975,13.253978949097688,False,False,False,event_below_threshold,28,0.4467429998330772
ffp,0.3,0.3,0.005,0.0,1.0,25.5,0,389.650775613085,85.96067744095521,False,False,False,event_below_threshold,105,0.07412760006263852
ffp,0.3,0.3,0.005,0.0,1.0,25.5,1,385.88906670150755,81.27850712051624,False,False,False,event_below_threshold,104,0.1081247003749013
ffp,0.3,0.3,0.005,0.0,1.0,25.5,2,377.54173297189845,80.58154004693205,False,False,False,event_below_threshold,106,0.16684339987114072
ffp,0.3,0.3,0.005,0.0,1.0,25.5,3,383.13521434227005,89.07157675545858,False,False,False,event_below_threshold,105,0.061017700005322695
ffp,0.3,0.3,0.005,0.0,1.0,25.5,4,358.0949697778997,121.24477128220293,False,False,False,event_below_threshold,105,0.16342850029468536
ffp,0.3,1.0,0.005,0.0,1.0,25.5,0,1373.6088553716108,304.6444269949535,True,True,True,recovered,354,0.06975540006533265
ffp,0.3,1.0,0.005,0.0,1.0,25.5,1,1367.7929281031393,255.18852199836536,True,True,True,recovered,354,0.05593560030683875
ffp,0.3,1.0,0.005,0.0,1.0,25.5,2,1307.2340635006694,364.19248270938203,True,True,True,recovered,357,0.11669360008090734
ffp,0.3,1.0,0.005,0.0,1.0,25.5,3,1340.7156087409894,348.02043849230677,True,True,True,recovered,355,0.10806600004434586
ffp,0.3,1.0,0.005,0.0,1.0,25.5,4,1302.1501294199043,356.3708434344695,True,True,True,recovered,355,0.07505259988829494
ffp,0.6,0.02,0.005,0.0,1.0,25.5,0,6.6335790815574,1.37306253609521,False,False,False,event_below_threshold,5,0.159536300227046
ffp,0.6,0.02,0.005,0.0,1.0,25.5,1,8.53703761734505,1.9352443963615562,False,False,False,event_below_threshold,5,0.15808279998600483
ffp,0.6,0.02,0.005,0.0,1.0,25.5,2,1.9604254116820812,6.255384030692314,False,False,False,event_below_threshold,5,6.256479300092906
ffp,0.6,0.02,0.005,0.0,1.0,25.5,3,6.590483940086415,1.4630134447734653,False,False,False,event_below_threshold,5,0.07108979998156428
ffp,0.6,0.02,0.005,0.0,1.0,25.5,4,7.799955984210101,2.722730321231615,False,False,False,event_below_threshold,5,0.18886230001226068
ffp,0.6,0.08,0.005,0.0,1.0,25.5,0,30.600920844488428,20.530591460548923,False,False,False,event_below_threshold,28,0.5067465002648532
ffp,0.6,0.08,0.005,0.0,1.0,25.5,1,30.7827131607919,16.83540766769992,False,False,False,event_below_threshold,27,0.30760789988562465
ffp,0.6,0.08,0.005,0.0,1.0,25.5,2,26.439929233136354,14.098908348839906,False,False,False,event_below_threshold,28,0.14934090012684464
ffp,0.6,0.08,0.005,0.0,1.0,25.5,3,28.48202403471805,19.06057239963134,False,False,False,event_below_threshold,28,0.14276230009272695
ffp,0.6,0.08,0.005,0.0,1.0,25.5,4,28.459938391191827,14.855727709024036,False,False,False,event_below_threshold,28,0.34195479983463883
ffp,0.6,0.3,0.005,0.0,1.0,25.5,0,120.9467909798077,86.27292527352516,False,False,False,event_below_threshold,105,0.10227569984272122
ffp,0.6,0.3,0.005,0.0,1.0,25.5,1,126.63439826923423,78.9402714427273,False,False,False,event_below_threshold,104,0.16915220022201538
ffp,0.6,0.3,0.005,0.0,1.0,25.5,2,112.75068114391615,79.12380556129604,False,False,False,event_below_threshold,106,0.5097666000947356
ffp,0.6,0.3,0.005,0.0,1.0,25.5,3,115.69985711190748,89.26407522721851,False,False,False,event_below_threshold,105,0.07665350008755922
ffp,0.6,0.3,0.005,0.0,1.0,25.5,4,98.25917590346944,118.0873979716933,False,False,False,event_below_threshold,105,0.40323529997840524
ffp,0.6,1.0,0.005,0.0,1.0,25.5,0,398.05476030647696,299.6335384376159,False,False,False,event_below_threshold,354,0.11231150012463331
ffp,0.6,1.0,0.005,0.0,1.0,25.5,1,407.7605958550412,250.67574758600375,False,False,False,event_below_threshold,354,0.09118879958987236
ffp,0.6,1.0,0.005,0.0,1.0,25.5,2,343.2428273921687,361.0006138656223,False,False,False,event_below_threshold,357,0.10101410001516342
ffp,0.6,1.0,0.005,0.0,1.0,25.5,3,366.3340971254074,341.94126064724094,False,False,False,event_below_threshold,355,0.6421970999799669
ffp,0.6,1.0,0.005,0.0,1.0,25.5,4,340.4248778665278,355.2094870932765,False,False,False,event_below_threshold,355,0.23496919963508844
ffp,1.0,0.02,0.005,0.0,1.0,25.5,0,3.9308437190738914,1.2920666331444122,False,False,False,event_below_threshold,5,0.14166489988565445
ffp,1.0,0.02,0.005,0.0,1.0,25.5,1,5.69887303190626,1.9942577367175698,False,False,False,event_below_threshold,5,0.21179769979789853
ffp,1.0,0.02,0.005,0.0,1.0,25.5,2,5.449813016584812,5.644089500044668,False,False,False,event_below_threshold,5,0.18110049981623888
ffp,1.0,0.02,0.005,0.0,1.0,25.5,3,3.9112912997043168,1.4741039365242152,False,False,False,event_below_threshold,5,0.09559789998456836
ffp,1.0,0.02,0.005,0.0,1.0,25.5,4,6.328644472305314,1.9373375301930682,False,False,False,event_below_threshold,5,0.28074789978563786
ffp,1.0,0.08,0.005,0.0,1.0,25.5,0,10.757702627124672,21.69679183600488,False,False,False,event_below_threshold,28,0.21487070014700294
ffp,1.0,0.08,0.005,0.0,1.0,25.5,1,15.605845878053515,17.943259907421023,False,False,False,event_below_threshold,27,0.2839424000121653
ffp,1.0,0.08,0.005,0.0,1.0,25.5,2,10.899903984784032,15.668127701540568,False,False,False,event_below_threshold,28,0.2847373001277447
ffp,1.0,0.08,0.005,0.0,1.0,25.5,3,11.317343069073104,19.375126822981784,False,False,False,event_below_threshold,28,0.1461495002731681
ffp,1.0,0.08,0.005,0.0,1.0,25.5,4,12.649272596045193,14.049822770236903,False,False,False,event_below_threshold,28,0.07411159994080663
ffp,1.0,0.3,0.005,0.0,1.0,25.5,0,39.887792228106264,85.00745577484967,False,False,False,event_below_threshold,105,0.20323199965059757
ffp,1.0,0.3,0.005,0.0,1.0,25.5,1,45.714859447893105,78.11535771653489,False,False,False,event_below_threshold,104,0.16009769961237907
ffp,1.0,0.3,0.005,0.0,1.0,25.5,2,33.88035846670391,77.87569478510834,False,False,False,event_below_threshold,106,0.3130806996487081
ffp,1.0,0.3,0.005,0.0,1.0,25.5,3,34.60747081687441,87.7873526704081,False,False,False,event_below_threshold,105,0.15545159997418523
ffp,1.0,0.3,0.005,0.0,1.0,25.5,4,26.156799587515707,114.33074966076252,False,False,False,event_below_threshold,105,0.29890199983492494
ffp,1.0,1.0,0.005,0.0,1.0,25.5,0,121.02379097994708,293.23926909502177,False,False,False,event_below_threshold,354,0.11602779990062118
ffp,1.0,1.0,0.005,0.0,1.0,25.5,1,132.59145189248375,243.85429948558397,False,False,False,event_below_threshold,354,0.5329532995820045
ffp,1.0,1.0,0.005,0.0,1.0,25.5,2,84.69710182378549,351.46765896599476,False,False,False,event_below_threshold,357,0.2571292002685368
ffp,1.0,1.0,0.005,0.0,1.0,25.5,3,96.81172369499836,332.9269470831075,False,False,False,event_below_threshold,355,0.4709405000321567
ffp,1.0,1.0,0.005,0.0,1.0,25.5,4,83.48272117649321,346.2301010937654,False,False,False,event_below_threshold,355,0.1892580003477633
ffp,1.5,0.02,0.005,0.0,1.0,25.5,0,1.0407761104943347,3.094041682973172,False,False,False,event_below_threshold,5,0.8932757000438869
ffp,1.5,0.02,0.005,0.0,1.0,25.5,1,4.44175181369792,2.0275952056793733,False,False,False,event_below_threshold,5,0.16648219991475344
ffp,1.5,0.02,0.005,0.0,1.0,25.5,2,5.407680233929568,4.987851753227165,False,False,False,event_below_threshold,5,0.23666980024427176
ffp,1.5,0.02,0.005,0.0,1.0,25.5,3,2.934426389143482,2.1525731065202733,False,False,False,event_below_threshold,5,0.20790479984134436
ffp,1.5,0.02,0.005,0.0,1.0,25.5,4,5.6941265150708205,1.9275700645606908,False,False,False,event_below_threshold,5,0.3058087998069823
ffp,1.5,0.08,0.005,0.0,1.0,25.5,0,8.238136142357689,19.06397303539954,False,False,False,event_below_threshold,28,0.255211700219661
ffp,1.5,0.08,0.005,0.0,1.0,25.5,1,9.145093157116207,17.195764731651288,False,False,False,event_below_threshold,27,0.18535989988595247
ffp,1.5,0.08,0.005,0.0,1.0,25.5,2,6.555457574911998,16.230480196705184,False,False,False,event_below_threshold,28,0.32975579984486103
ffp,1.5,0.08,0.005,0.0,1.0,25.5,3,5.228704535489669,19.148890232824566,False,False,False,event_below_threshold,28,0.3042690996080637
ffp,1.5,0.08,0.005,0.0,1.0,25.5,4,3.028017361797538,19.843095831336854,False,False,False,event_below_threshold,28,0.17438070010393858
ffp,1.5,0.3,0.005,0.0,1.0,25.5,0,15.005112678918522,83.4444422506992,False,False,False,event_below_threshold,105,0.19193350011482835
ffp,1.5,0.3,0.005,0.0,1.0,25.5,1,21.578750857814157,78.14064882045106,False,False,False,event_below_threshold,104,0.2732484000734985
ffp,1.5,0.3,0.005,0.0,1.0,25.5,2,13.043003152404708,74.74654520109598,False,False,False,event_below_threshold,106,0.3175920997746289
ffp,1.5,0.3,0.005,0.0,1.0,25.5,3,10.410774449323071,85.93555113738628,False,False,False,event_below_threshold,105,0.19566329987719655
ffp,1.5,0.3,0.005,0.0,1.0,25.5,4,4.51487177879244,118.65033440249489,False,False,False,event_below_threshold,105,0.1447057002224028
ffp,1.5,1.0,0.005,0.0,1.0,25.5,0,39.632058708390105,288.354067325772,False,False,False,event_below_threshold,354,0.4192741001024842
ffp,1.5,1.0,0.005,0.0,1.0,25.5,1,48.23894268689037,238.41504704234507,False,False,False,event_below_threshold,354,0.3667125999927521
ffp,1.5,1.0,0.005,0.0,1.0,25.5,2,17.652863423623785,344.88276852895916,False,False,False,event_below_threshold,357,0.19535870011895895
ffp,1.5,1.0,0.005,0.0,1.0,25.5,3,23.822699316086073,325.16122923326503,False,False,False,event_below_threshold,355,0.25339339999482036
ffp,1.5,1.0,0.005,0.0,1.0,25.5,4,22.20634638058982,341.3266214133327,False,False,False,event_below_threshold,355,0.20886110002174973
ffp,2.5,0.02,0.005,0.0,1.0,25.5,0,0.7495490658438939,2.568826430822239,False,False,False,event_below_threshold,5,0.07160849962383509
ffp,2.5,0.02,0.005,0.0,1.0,25.5,1,10.253601123971748,4.068513882559159,False,False,False,event_below_threshold,5,0.2265612999908626
ffp,2.5,0.02,0.005,0.0,1.0,25.5,2,0.46745148920308566,4.886470629994708,False,False,False,event_below_threshold,5,0.07264700019732118
ffp,2.5,0.02,0.005,0.0,1.0,25.5,3,1.629391556551127,3.2833302640108766,False,False,False,event_below_threshold,5,0.13116260012611747
ffp,2.5,0.02,0.005,0.0,1.0,25.5,4,5.3693343746926985,2.1648588014646357,False,False,False,event_below_threshold,5,0.31913499999791384
ffp,2.5,0.08,0.005,0.0,1.0,25.5,0,4.216711009947176,22.872664411416988,False,False,False,event_below_threshold,28,0.21070750011131167
ffp,2.5,0.08,0.005,0.0,1.0,25.5,1,4.729407156439265,19.810098481762687,False,False,False,event_below_threshold,27,0.22366590006276965
ffp,2.5,0.08,0.005,0.0,1.0,25.5,2,35.12293837364632,18.475052505935317,False,False,False,event_below_threshold,28,1.8495494998060167
ffp,2.5,0.08,0.005,0.0,1.0,25.5,3,47.69485668555717,22.085872371559237,False,False,False,event_below_threshold,28,39.24612390017137
ffp,2.5,0.08,0.005,0.0,1.0,25.5,4,2.7450962143411743,16.90329884438075,False,False,False,event_below_threshold,28,0.13502070028334856
ffp,2.5,0.3,0.005,0.0,1.0,25.5,0,6.831602524373011,82.6556792996739,False,False,False,event_below_threshold,105,0.19267750019207597
ffp,2.5,0.3,0.005,0.0,1.0,25.5,1,12.409491514627007,76.3383386981166,False,False,False,event_below_threshold,104,0.44962239963933825
ffp,2.5,0.3,0.005,0.0,1.0,25.5,2,5.884960850580683,79.52621800303918,False,False,False,event_below_threshold,106,1.5659416001290083
ffp,2.5,0.3,0.005,0.0,1.0,25.5,3,2.1722750948829344,84.26790925340025,False,False,False,event_below_threshold,105,0.14911200013011694
ffp,2.5,0.3,0.005,0.0,1.0,25.5,4,8.512456296699384,119.6499620127775,False,False,False,event_below_threshold,105,0.1599517003633082
ffp,2.5,1.0,0.005,0.0,1.0,25.5,0,11.33575199367624,284.0584907328663,False,False,False,event_below_threshold,354,0.22792219975963235
ffp,2.5,1.0,0.005,0.0,1.0,25.5,1,16.660308724152856,233.60798124165422,False,False,False,event_below_threshold,354,0.2519577001221478
ffp,2.5,1.0,0.005,0.0,1.0,25.5,2,15.552961800334742,334.7404363670944,False,False,False,event_below_threshold,357,0.11819900013506413
ffp,2.5,1.0,0.005,0.0,1.0,25.5,3,3.2652311434430885,319.72638637401934,False,False,False,event_below_threshold,355,0.17786689987406135
ffp,2.5,1.0,0.005,0.0,1.0,25.5,4,9.204431033584115,337.0855125943608,False,False,False,event_below_threshold,355,0.1317365998402238
