replicate,seed,cadence_seed,noise_seed,event_delta_chi2,event_detected,fit_success
0,1188400867,316309744,2620747804,-3.691077716619475,False,True
1,1627258882,3530834869,1116929216,-67.87250573033816,False,True
2,323909738,4230794673,3583458456,12.012860964030551,False,True
3,3238392519,1110611425,3263582778,-15.389782989339437,False,True
4,1889873023,1366858468,3678685267,17.016969383432297,False,True
5,3043594781,3602166365,2464564245,1.4321160987456096,False,True
6,1162121428,721421329,747986270,2.0575697730237152,False,True
7,4111169154,69885554,4086224748,10.871041332582536,False,True
8,2921171661,1439169160,3458618960,6.457799801355577,False,True
9,4179130761,3113864773,2097114952,1.6081287467022776,False,True
10,3664612051,121510156,1836486206,7.237602366883948,False,True
11,1405712562,1777517141,3401863368,-20.625222145667067,False,True
12,1718419953,866107274,1827932536,-2.3722265549586155,False,True
13,4265870412,4027561734,3979382646,-30.647965569653024,False,True
14,2847579469,723516333,2787118172,-24.65321266381943,False,True
15,2109980036,3139064998,39362141,8.516239201577264,False,True
16,2005826545,216707669,3512323469,13.05415477839415,False,True
17,852573727,1145968622,809205457,12.786689518281491,False,True
18,1023647130,2607606978,1506276482,5.035288061844767,False,True
19,2376990599,2004348327,1874502825,5.145454632613109,False,True
20,2753095766,292985063,3689618475,21.378929576334485,False,True
21,132752399,1226461594,432612583,19.965531351190293,False,True
22,2329754249,4264473169,458310997,11.739156638170243,False,True
23,1068550357,3200883067,3511606301,19.594014521215286,False,True
24,3164914445,3297311907,134877323,-79.86802696793893,False,True
25,1824553331,1127460817,3308716406,-5.399190471303882,False,True
26,617552665,2749522311,269785992,-24.813660460407846,False,True
27,714668948,3254120062,2616725762,-42.0681051463398,False,True
28,1345820865,1536055611,621275280,6.536657255841419,False,True
29,1443248755,2160453867,522270852,18.701220317569096,False,True
30,1621691313,24021729,38591437,9.077097041605157,False,True
31,203669802,3949449663,3539108756,-67.00520212338597,False,True
32,2171958792,2693805182,1286473966,-12.703853102641006,False,True
33,4181188585,1899202326,2540946607,16.461356214502302,False,True
34,4215667054,843156455,1560569413,16.669447914486227,False,True
35,781320421,2329220641,162082431,-1.9498090161869186,False,True
36,3606598534,508072521,1682060178,13.740898894779093,False,True
37,3080128519,3455246783,3709720799,13.190368401599699,False,True
38,1123460217,4171882898,2063384550,13.893657014908968,False,True
39,2823426882,2470185584,591449991,21.756730264190992,False,True
40,3336920247,592091738,1979327179,2.064738461005618,False,True
41,2776754218,4053478202,1060699720,-111.93013902343228,False,True
42,936036730,3652136097,2799526122,15.83652154293668,False,True
43,396916115,855734780,578474926,4.054031294239394,False,True
44,3584736510,2396449079,628455834,-38.06611162887566,False,True
45,3884179320,2446836539,2329840284,9.084731048089452,False,True
46,3890235659,1533360410,1600151201,7.980517216870794,False,True
47,11983849,2914832991,4011738423,9.629589052034135,False,True
48,957300372,200122465,4047086796,-8.35805714601156,False,True
49,2155779743,2724303941,4169246354,14.484761119216273,False,True
50,600737613,362157212,3406751827,13.100579643898527,False,True
51,1084677558,380865322,3644448234,13.863939690127154,False,True
52,3587696502,2790280537,363680830,2.382563830789877,False,True
53,2339876296,3378936759,3975572916,17.959172947455954,False,True
54,2004408802,1349388047,534227889,6.53020713962178,False,True
55,2695443343,2669272756,2724249428,14.13823539295845,False,True
56,2541452176,2837005656,1700564172,20.03156117630715,False,True
57,1997038864,3895652896,2782226861,-42.99028695763991,False,True
58,1606682584,3714728665,2684207917,17.822525952658907,False,True
59,1151415929,589346208,2996570790,13.670707558419963,False,True
60,1210324436,488140698,496170145,15.472753721362096,False,True
61,1450777087,1419755510,7245768,17.128803724670433,False,True
62,2973421194,1539576239,2258144658,-31.566394256951753,False,True
63,258200975,2828593280,1728121174,6.997068892233074,False,True
64,2887717190,335659866,2718456796,10.307710948720342,False,True
65,69718217,4098872218,1336975015,-77.97867906388274,False,True
66,2424869415,650611323,3472868122,14.950014097885287,False,True
67,3409965666,2219604248,963075402,13.713532951587695,False,True
68,3638212951,3973649993,2094561910,16.517884633758513,False,True
69,3432794457,2279300736,101704261,19.987732954192325,False,True
70,2660783426,3645718266,2588973630,14.432098710545688,False,True
71,123907435,3079242076,433313983,1.4700292826528312,False,True
72,2573041562,2809200981,2301858021,-8.999337222339818,False,True
73,2123267450,2695234467,2141609786,-38.959835520035995,False,True
74,1890763324,1072133491,462058336,16.11249400403176,False,True
75,514541555,2769520981,3339292872,6.310708394514222,False,True
76,1021659330,2767111359,2979604569,8.074344138345623,False,True
77,3655705037,2191079193,3588808254,-54.41777317566448,False,True
78,821960253,714816274,4058873611,3.7810822113387985,False,True
79,3553737503,1312612858,3681009027,7.529577534463897,False,True
80,395382998,729335389,3590693721,9.936508693528594,False,True
81,4134571500,1475012395,479795631,15.962566393864108,False,True
82,3545092674,3258019212,1868688295,23.455008894037746,False,True
83,2904178254,3624428028,451698931,12.436179210541013,False,True
84,2077845989,3163879422,1928807779,22.43696059176,False,True
85,888477856,3224020750,856351452,3.605381866451353,False,True
86,796660632,2670935446,2969255943,13.398526620992925,False,True
87,1226119823,1086423044,3074494154,5.461818967509316,False,True
88,1334144529,2647300603,4126043118,6.938204032368958,False,True
89,3048214503,259936590,1238555955,-24.940534415385628,False,True
90,1130875310,2689461541,370966805,-9.699245379233616,False,True
91,1548591818,3504571400,3091308165,16.299457602915936,False,True
92,3143605612,3189488972,120042025,-44.39184063152061,False,True
93,1275583424,3856698315,150097647,0.0839936120173661,False,True
94,3143090761,90705438,992807808,-25.052761405866477,False,True
95,3973207255,1906170236,2648079782,12.976144740365271,False,True
96,3741332713,3378372672,2145150634,-19.233709570748033,False,True
97,3354109833,1020890862,3007385716,0.5680387755637639,False,True
98,1391018282,264537544,3952790804,15.964723485900322,False,True
99,2721536034,2349385326,3477924677,18.335918449505698,False,True
100,3092618729,287716545,2632153958,11.925429362308932,False,True
101,3050962867,849831513,2934843975,11.614964476713794,False,True
102,1455225947,3724889025,2786331775,21.660944307186583,False,True
103,774460855,1338823621,2449255535,15.434389573085355,False,True
104,2783227092,3262614486,2151913764,14.292057435988681,False,True
105,4232446293,2765671702,84792556,-16.60320500216767,False,True
106,628810031,4066525687,1680355839,-6.411548334937834,False,True
107,3833360987,2731637314,778712552,6.412624775635777,False,True
108,1940147855,2806723118,3044928481,12.916715758503415,False,True
109,3484213784,363593155,3597049759,-60.854044135259755,False,True
110,2954801973,1742682723,3802085498,14.874609178223182,False,True
111,2490105054,869406864,1354848802,13.408446915789682,False,True
112,4123231037,1821985150,3489610113,17.627243043592898,False,True
113,1098220279,983477850,1158721805,-9.446414923811972,False,True
114,2796218505,3746049478,2530237191,-170.0862659159029,False,True
115,3003245000,3842348119,468532209,18.763152520841686,False,True
116,4117850081,1294448802,2056089233,-20.33859641449817,False,True
117,17200179,3764763959,164179185,-6.567046208692773,False,True
118,3977007989,4236097476,2187187927,14.913724236605049,False,True
119,545116972,681283473,3359945081,11.431068230856908,False,True
120,2526251770,4037902991,1618978654,13.710179138375679,False,True
121,4242008735,2697506790,371270134,9.150648842027294,False,True
122,2275049919,1773462171,359738396,3.249587275175145,False,True
123,1321184971,3706416609,2558448341,-5.828293422884599,False,True
124,1554519574,1478559620,1164463951,5.775087157730013,False,True
125,1256979835,3301961088,1464681531,11.022116617517895,False,True
126,757781399,19894483,1576645482,9.403944358484296,False,True
127,3186284770,1423511525,662843992,14.651406107419461,False,True
128,607722322,2124163156,157200904,17.812108972022543,False,True
129,3278312886,3411848900,3129843615,-7.031896235792374,False,True
130,3243483441,456524500,1301350674,12.38346461875335,False,True
131,2049550210,2532177821,4141646959,17.67604798989487,False,True
132,390618020,4116854720,1739583475,19.714880496598198,False,True
133,140350908,3263000279,2392571280,15.910165319699445,False,True
134,1094534207,3517298025,2684310612,7.0776951965963235,False,True
135,1972003235,1053310184,3252823096,-14.33042886336625,False,True
136,3162368758,3141384948,918012015,-20.328176769595302,False,True
137,3142029941,452776565,4136665903,2.0819774083865923,False,True
138,3630328079,2087730056,639660791,13.79748540642322,False,True
139,1855170202,3709704220,4085089862,14.285524574028386,False,True
140,2703996818,3662483013,2443152952,8.370848015336378,False,True
141,3420870614,819478916,925714842,12.73783530331275,False,True
142,1097601610,753897831,135078666,18.132127143035177,False,True
143,520984986,629660031,1234398058,-3.8950446726739756,False,True
144,3558203033,1730296054,3638632158,9.837949650158407,False,True
145,2373435953,1080557717,3864768900,4.084657103609061,False,True
146,255180992,2452534623,2034387842,4.731729191094928,False,True
147,2200877772,3661534912,1588387257,-5.796430753485765,False,True
148,4198839928,2422536534,2272038255,-32.60239376465324,False,True
149,1580636718,2526993507,460226961,19.727167301010923,False,True
150,2995091956,1068760100,3632719462,8.240022898644384,False,True
151,1167277266,3036581049,3462373711,-16.06026384235156,False,True
152,3700210518,2188681223,1456031593,-13.40647660128161,False,True
153,2773821245,789311094,4166073251,10.779569628044555,False,True
154,3562375335,153349473,1307224978,15.293206897840719,False,True
155,1396975997,707699222,1152514787,-15.338297639937082,False,True
156,2452638096,3050023654,3794230433,19.563910940392816,False,True
157,1604675982,3665432953,831967766,9.457601851361687,False,True
158,3790963391,468043736,3878398113,-26.655072307374212,False,True
159,4086483347,879922467,203928912,16.29152140946826,False,True
160,3509927408,2783316765,1293750903,17.757567816748633,False,True
161,1338402250,1719756759,812359715,0.5024553203038522,False,True
162,2602388445,3536829383,2894967562,1.268160906736739,False,True
163,1432112059,432534198,2794031538,0.8712091975612566,False,True
164,724979179,3402191633,2770576076,-17.189734870786197,False,True
165,2574738195,9233304,1971600007,10.583486861054553,False,True
166,2360829609,3369407809,1461988418,-6.556058330243104,False,True
167,2419199432,571420702,853610355,7.230806588820997,False,True
168,3809756281,2895897599,2618138891,18.38831926821149,False,True
169,4213880707,2897673493,3277715204,-17.869624634877255,False,True
170,1136774843,1240602183,2248287313,20.09507777190447,False,True
171,3009731597,2001462936,4177681216,11.686286009688047,False,True
172,801389883,3512484169,310856249,-35.983830490244145,False,True
173,2898474417,2960913122,1204571892,-23.83464359950449,False,True
174,1036219688,2362100833,172229749,17.18577996273234,False,True
175,2383752467,666887154,3039711834,19.743492402951233,False,True
176,2847700488,704782471,3124239242,11.520636488115997,False,True
177,1240489151,529093137,2404029795,3.4144931964110583,False,True
178,2181751827,3185060123,3156241652,10.768925853008113,False,True
179,2093681651,590385264,906910104,2.5204009031513124,False,True
180,1013231295,2759119305,4012349108,15.790656038363522,False,True
181,3521619823,2327339015,2312777868,10.626735273188388,False,True
182,4159302745,2227293416,2383509241,1.1655453151324764,False,True
183,963024937,1484479997,3301307985,18.002119298231264,False,True
184,3594936246,3419671242,472300115,8.352121529402211,False,True
185,3126639226,2142862542,2091803195,7.950538285644143,False,True
186,2673731604,872682869,4144491223,12.783754294374376,False,True
187,1163775375,603203916,120097911,20.998811060715525,False,True
188,4231196864,1453430182,2121273326,16.782283823849866,False,True
189,2738792415,712465096,1187253517,-73.22287316504662,False,True
190,2437959922,3765250218,1444270800,14.349451285394025,False,True
191,2496341892,2035235622,1984296698,23.968255145286093,False,True
192,3204023220,1667794142,1274614861,1.6555935042051715,False,True
193,2073767895,2236929164,1510997366,4.936640102278034,False,True
194,3375386374,3316087100,1007965470,-22.89863988547586,False,True
195,469826486,588689655,1180454435,16.617987336299848,False,True
196,847520006,355111916,490497715,12.616168328589993,False,True
197,3219865914,442299414,4285305756,11.340209319852875,False,True
198,2549506984,1854193021,1186299101,-60.51227811797435,False,True
199,525082070,2448447860,314126388,13.164699942841253,False,True
200,2986111329,2202069981,1099988198,12.150665435568953,False,True
201,282550225,784484006,460786952,-50.80530919791636,False,True
202,1505614527,2352221946,1934338695,14.020268461186788,False,True
203,3139544040,344549604,2308015114,4.031186284591968,False,True
204,1393704645,3160763128,1294083620,-8.65033943959861,False,True
205,2341714200,1192673402,3530865185,14.466108347551199,False,True
206,3019654960,4103119878,382104875,12.124292793327186,False,True
207,2592971596,1957464479,4231043401,-6.835544631554512,False,True
208,2587171807,1909902558,2871255098,-5.261679674884363,False,True
209,4175777261,3369425461,3762929791,8.198533102797228,False,True
210,1389218855,1288024147,463244324,-6.043377482332289,False,True
211,2837993886,911668247,3139825301,-29.140574020973872,False,True
212,3596588235,1164825958,3630466969,4.948973622085759,False,True
213,3927376824,1632326983,1562953821,13.038917351543205,False,True
214,908050894,3433213888,3965449159,15.703842828341294,False,True
215,818478773,3815264340,1866787578,9.453622020162584,False,True
216,1786255942,1214213211,3406926055,-11.915108751447406,False,True
217,3862009306,2729793008,3828435519,14.666003824444488,False,True
218,1388690541,3565730220,478450962,19.17170273168449,False,True
219,57335162,3508826236,4025114643,9.758543744545022,False,True
220,1927413062,991303101,2305548278,-19.65084889222635,False,True
221,2643138511,2096961012,1173059187,17.64351182305836,False,True
222,429704273,541664997,3199776735,5.520203498963383,False,True
223,4157545632,2394562607,656125623,-13.888549330753449,False,True
224,372828421,887407669,1140150926,8.620884185096656,False,True
225,3641372153,130506815,1986291435,12.8380434370265,False,True
226,3371863239,3755931838,3662668392,-2.161585974456102,False,True
227,981767362,3877145512,2401345263,-66.21287852607202,False,True
228,4087244612,507650960,3421335728,6.041061876079766,False,True
229,2954735112,597327539,2803261982,-2.893377142412646,False,True
230,82870209,2870193138,3757497965,13.558568589622155,False,True
231,1768581908,29579681,3762531702,6.980993852121173,False,True
232,2770442723,1191398768,3946322266,13.295139336099965,False,True
233,1843923977,945238097,2168630367,8.191621146630496,False,True
234,2600939767,2165375468,3936254970,4.498611348411941,False,True
235,2767943399,88615830,1487886728,2.2808446718991036,False,True
236,527402287,3911234421,1925317038,21.550744081185258,False,True
237,969157162,956912238,3587621054,17.7977009878814,False,True
238,2914292235,2350619845,2626621555,-1.797050181994564,False,True
239,3662737877,2417212072,889896946,-25.780784036091063,False,True
240,2945980861,4046869158,1657830323,16.46294808146922,False,True
241,3603135168,1351123122,3794177789,4.505876040566363,False,True
242,2230168322,109982475,3233103455,24.566691218213236,False,True
243,3676055441,3517794006,2646992511,-1.6445728011021856,False,True
244,2572190997,3149393633,836186035,8.725039682234637,False,True
245,2866683822,2324030496,210120712,-70.12552514315757,False,True
246,3687507536,3157545107,575237305,21.995732466006302,False,True
247,4226956784,88893688,2391794464,5.80182067277201,False,True
248,517065967,1075532429,1259160361,7.810511414070788,False,True
249,1504883766,3422133811,1804116900,16.547978499962483,False,True
250,3772646415,4220290573,1168633484,1.3903535845965962,False,True
251,3276580995,220078177,586667802,17.613615628011758,False,True
252,4277265722,1683169369,3033485386,-16.021600295149256,False,True
253,859877352,828162946,2213852904,15.196504509804072,False,True
254,161568135,2819066408,3571330462,14.376465984190872,False,True
255,1318724711,2843064719,513710741,10.321842145800474,False,True
256,1033802327,2638382601,1399427953,-29.730285954305145,False,True
257,3201866766,894199174,1516220891,11.606220061163185,False,True
258,2486035418,3107517259,73749047,20.709688258481037,False,True
259,369618114,1963065752,3852334564,-9.706112589206896,False,True
260,970952682,1343092337,3274962289,13.30315616340522,False,True
261,202119796,1153137064,3748615862,14.234977050604357,False,True
262,1570515570,1392999088,3938082566,19.498083617909288,False,True
263,4023864842,3631091462,73917585,22.365685799712082,False,True
264,2014720964,4014282182,2945653951,-20.928181321716693,False,True
265,3077177412,802494658,4110366033,8.451237320681685,False,True
266,3798422489,1679464984,2227270018,-14.63739193584479,False,True
267,1711401230,548755520,4205729373,-25.69752442018944,False,True
268,2822928673,1488376376,2914113286,-30.08647774639394,False,True
269,2089813689,726296048,496328856,8.479666011000518,False,True
270,595185868,3544641841,2480470262,9.496939916825795,False,True
271,3470239815,903472773,3592221378,20.288538330976735,False,True
272,4025957466,1809578132,4023305791,17.951110447771498,False,True
273,1579377133,3510831162,2598159379,1.5017734002685756,False,True
274,2563311811,1210746862,1953782382,13.609428866984672,False,True
275,1196090928,1325469916,2970520890,14.07159025537112,False,True
276,3683294273,2091724924,1812937151,10.195195230073296,False,True
277,2035661072,1449039745,1945193248,2.122289201943204,False,True
278,3870027500,2557837489,3045294417,14.838739941398671,False,True
279,90267201,1267864066,109393076,17.892213533617905,False,True
280,4182951892,562671575,1752129448,20.83529181740596,False,True
281,3998066993,754010971,1938057229,8.907449159007228,False,True
282,1447116893,105019719,2843622032,-18.73965809585934,False,True
283,3986467979,1170545022,1721569303,14.750561338529224,False,True
284,3773541554,2010666531,4233087006,13.604148391503259,False,True
285,2275410760,2120544384,3520938774,5.499890766579483,False,True
286,1437551928,1068155673,183679911,20.38546619247063,False,True
287,3264799122,3057620876,2232954360,18.546537154790713,False,True
288,2423876600,1822564356,3793324489,12.817375957813056,False,True
289,3743640711,2883999574,1614760942,16.487910615003784,False,True
290,377865795,2292803831,2698802700,7.838326834360487,False,True
291,2520715512,1881027383,2357810659,-39.20530849832721,False,True
292,1625555537,2083285527,756343822,14.423875521526497,False,True
293,989880797,802114119,3577914144,-7.339714627305511,False,True
294,3511741975,1069916069,2069090324,6.05839090498921,False,True
295,542850032,655559966,131242998,13.891741533087043,False,True
296,2070893306,3213151028,3814220409,17.834318792105478,False,True
297,3402938242,2745585851,2706538205,14.89284106503328,False,True
298,1106783475,1490167623,3805754980,11.83912687425618,False,True
299,1435936258,229351884,2631310234,18.84084001793235,False,True
300,3092531346,3927430129,3294347339,-18.7018923273572,False,True
301,3269985286,2441336641,793075238,-6.148135521485528,False,True
302,2985637454,1569187258,1226627354,18.922162082650175,False,True
303,20531346,3745297201,3152654973,1.5207233903638553,False,True
304,983740594,283737027,3258683206,8.65765728061524,False,True
305,2398446409,3536603044,2198526481,13.792819607479032,False,True
306,1064735979,3336666011,623721830,-5.61685999364272,False,True
307,1446212982,1131522335,1270479096,17.4894388955654,False,True
308,1600511048,3102233068,2504236469,-70.70343586511444,False,True
309,3147672846,1393250296,3331009783,15.886773129750509,False,True
310,1119038697,2725709059,1609201340,14.547795520411455,False,True
311,1571280064,2858392592,1454817643,10.751404256581736,False,True
312,2122076857,1332086890,65812761,5.056720909291471,False,True
313,2984821132,3057371993,271565788,19.780401792253542,False,True
314,2016916324,578970002,373518866,-17.80564720514667,False,True
315,2603839905,3864574283,1061920151,-17.91976410548523,False,True
316,1289125256,216802938,1131423903,-26.49915660569968,False,True
317,2325384535,3999095960,2003539112,-42.19510171924776,False,True
318,2971259368,2521465722,2123856845,15.318514066995704,False,True
319,699338370,1459355645,2149290532,-21.677649293771537,False,True
320,4243592194,3744468630,1760689356,17.548615954845445,False,True
321,2187202643,1525164502,1844101302,16.221210658506607,False,True
322,744410053,1272658380,3774297273,10.652829332371766,False,True
323,3804129621,1550008402,4004510687,8.826353752345312,False,True
324,1554346462,1827349994,1955382199,15.376040187584294,False,True
325,2940195507,1626313504,4274817834,-13.20892096273019,False,True
326,851008300,2571136752,2892063414,-46.41402547231701,False,True
327,363707256,3510555789,644431097,21.34031269746629,False,True
328,1392858276,3142448430,4249591611,18.078645170127857,False,True
329,2413332892,2450531928,1420239584,-10.781602567607479,False,True
330,3695952184,773652641,1840500918,14.31149895494309,False,True
331,409875815,85748614,1311946962,8.185037093608116,False,True
332,3019253019,2149968672,2368796908,-40.473314320726786,False,True
333,1855118173,707906096,105840687,19.33059702589526,False,True
334,3336748179,447009111,324711902,-9.732152979435341,False,True
335,1756170496,2198552478,3131255695,7.037427474548167,False,True
336,3865554043,2148068035,3058834366,-34.92616636542516,False,True
337,2392499053,361336066,3393675853,-24.753632819629274,False,True
338,464379571,1578484666,1832113038,17.27627720565215,False,True
339,1094005330,1767698737,2084965232,2.0947237611035234,False,True
340,134225789,473524290,1554023018,17.65999394854589,False,True
341,1143588102,119134311,2556955161,-2.9363043469638797,False,True
342,998164234,3813814844,1435106501,-38.35663779394963,False,True
343,1073292027,4250829652,1326676856,-116.49537161838089,False,True
344,176537863,573566430,2046284536,-66.53445129203465,False,True
345,3280638731,3506540039,8344446,-24.594642355354154,False,True
346,207258288,3259084613,3512009162,-21.62507836446457,False,True
347,738472544,828829356,599855164,12.036284488123783,False,True
348,1205893937,2409708684,2027072969,19.372394660982536,False,True
349,3018773795,4000309645,2759813319,13.879046143913001,False,True
350,2136674794,222194794,1471630540,16.87981555114675,False,True
351,1519427006,1120576932,397797340,-11.8358423535974,False,True
352,1416859122,1210445811,548213536,27.300801425815735,False,True
353,2781651397,3211609434,746052171,15.340130457698251,False,True
354,3894105658,3404695717,2491139547,-25.61915687203873,False,True
355,1188981774,1227006911,3069791723,7.615590288420208,False,True
356,3595761641,1771997871,2513965384,10.926602910047222,False,True
357,3756377311,2644726211,3401696192,14.776791084761498,False,True
358,2160034111,2567071911,3982930437,5.811923792665766,False,True
359,2199686822,2709836225,2301834319,-18.673355485785578,False,True
360,3030092046,2518740553,3945083439,16.120572556224943,False,True
361,1502876997,763541265,2882410956,-7.329301352532639,False,True
362,2457340637,3558470744,1271675831,-6.2396747661041445,False,True
363,958357023,1614520394,313794991,12.54660306579899,False,True
364,904792856,879346004,3666535372,13.386024876796,False,True
365,2606745980,2483530220,4045557914,5.268047867539281,False,True
366,3830070713,507541902,1344600243,-81.63267996135255,False,True
367,2028746885,3793765722,3233925116,3.0757772823853884,False,True
368,2832955822,3368582127,3653322424,17.259006957094243,False,True
369,1524557736,620702573,737519245,7.855558485985966,False,True
370,2794277909,3487511999,3309996507,18.19138300373743,False,True
371,710961770,2833321400,4086621191,-3.2861515527474694,False,True
372,469570012,4254919694,757165257,16.398302807057917,False,True
373,142692991,480729919,303953359,13.930915616896527,False,True
374,3491536870,2999754296,429092913,12.037837054740521,False,True
375,474503590,4054953906,61164535,15.014369182812516,False,True
376,1497421607,3365253613,2191109776,16.310981081238424,False,True
377,1481048827,1398491273,3207487091,15.796422624196566,False,True
378,1463143582,1316455489,1071543558,-19.670412628838676,False,True
379,2546198412,3331293540,1526657110,0.9367699642243679,False,True
380,3595424438,3869426966,2741998898,3.338197816963657,False,True
381,2255968547,3931222896,1993539132,15.471916415008309,False,True
382,2015272199,1552345062,1764546799,18.451619553481578,False,True
383,1840103712,3207771338,285972089,21.541813713673037,False,True
384,632439241,2494598527,2876032452,22.498952257556084,False,True
385,959641081,2315415242,864590721,13.059249330617604,False,True
386,151146049,3632302661,3122990510,11.955550416336337,False,True
387,4249182915,1442211625,3417271746,-58.68024084928766,False,True
388,355267224,3358714899,759656308,13.94907563013112,False,True
389,3939167104,2378774877,3431865096,-40.237647741239925,False,True
390,3610244472,1799506585,1398307570,18.946531430221512,False,True
391,2526912727,1293409954,856970335,10.35992801356042,False,True
392,821922743,4147625324,1752935031,-17.369476978245075,False,True
393,1694699600,3073468535,2481797001,14.869403165917902,False,True
394,2409264125,277722054,1087393265,19.949169931838696,False,True
395,246321904,4242615688,2926486317,15.606923256680602,False,True
396,2087598665,1534296701,3525937676,8.78150677208032,False,True
397,1468277191,3970496936,358879563,13.86968999094097,False,True
398,3555934433,4093230362,941915028,-12.129626324116543,False,True
399,3427784598,475013615,2308374950,1.6210903517057886,False,True
400,1561485282,2668704888,4154288603,1.6209864942211425,False,True
401,894356219,1977035188,2873899822,-1.6258115521704894,False,True
402,3111446682,2727898266,3163562547,10.744931141351117,False,True
403,1428951988,1977394865,1756946066,14.029540999217716,False,True
404,4149872818,60438146,2240135948,14.72083635130548,False,True
405,2896772979,1058767119,848175187,19.276543486106675,False,True
406,2525261566,4076613359,1908386013,12.18879241499235,False,True
407,1181962693,3342803596,1081107225,0.3783803166807047,False,True
408,483273784,3157858004,243498572,6.855245198792545,False,True
409,1370326353,1079951821,343860108,18.691540294843435,False,True
410,1930791512,203949763,3984845115,-6.497114294732455,False,True
411,3446816606,3878047665,4123548637,-9.854808297939599,False,True
412,2060323732,1649111135,3279945028,12.315317128930474,False,True
413,3838238781,117099170,2318532414,12.969069252161717,False,True
414,330531068,3500561132,1148562936,11.676387127641647,False,True
415,449510613,635341293,2535822172,20.812486935989,False,True
416,521652273,608741661,133196315,-31.510930417556665,False,True
417,1252875246,841871574,1143325647,-6.808237795587047,False,True
418,3581707678,401856648,210333873,19.009985252312617,False,True
419,1957161637,57053659,59683809,23.839775565262244,False,True
420,3557999062,1759128074,1747872959,-7.168855681105924,False,True
421,2029293653,3897846612,483360638,-1.3536405021586688,False,True
422,939700719,4136077371,2479949798,24.127871870638046,False,True
423,2681681599,4059468159,1552954842,23.25116336494102,False,True
424,3979993725,4203217007,1107616040,-18.0067196762393,False,True
425,3471076337,2978988375,3242150548,-16.129980712896213,False,True
426,540173860,1010252809,2402884460,-23.283259123440075,False,True
427,3277136204,1074953912,1015436886,9.670683566051594,False,True
428,3090141092,3539664837,3114453483,21.307288858100947,False,True
429,4049295538,3659466078,231668517,3.2999769033049233,False,True
430,2870802591,3518827142,2177600318,-12.03222739991179,False,True
431,1815824351,2636402053,1714330524,-28.16236916877824,False,True
432,685944287,290296531,2390987268,12.361915747889725,False,True
433,1015569495,4205688821,934482378,-15.81509369302512,False,True
434,32195854,840318441,2473577289,10.558360076662211,False,True
435,489086892,2018806677,3146118181,9.027541571376787,False,True
436,2284936038,3635555058,3103295782,-25.165504699834855,False,True
437,4017436098,1099574492,813586430,11.965068470817641,False,True
438,1375670223,265563264,2712465153,10.304987693103612,False,True
439,220240193,2351313477,2234217326,31.376064625321305,False,True
440,2570868720,1280575329,1493729220,-23.6221798734623,False,True
441,4243376053,3083711153,2815190185,10.411585867404938,False,True
442,2519524737,2558389820,3525180858,15.024174136022339,False,True
443,1313553362,839455192,1652674737,17.355187345587183,False,True
444,4093702585,1411108103,1550157440,-24.16824669366906,False,True
445,3151639830,3825108880,1351674364,13.020716422048281,False,True
446,1261481110,3997736147,3515197704,17.790679058409296,False,True
447,3675853083,2453561855,1838700531,18.38435821875464,False,True
448,2024241187,1210772837,3331910261,7.063295519852545,False,True
449,3268204539,1006871751,1538370839,9.405115943525743,False,True
450,2834910605,2227893425,197442334,-18.101463984719885,False,True
451,1403826396,580022412,3274366171,6.052957319720008,False,True
452,3048745256,2170814291,670927995,-41.694353699538624,False,True
453,3254019329,3526904343,2380724919,10.940153908632055,False,True
454,966665539,4265621556,2726466671,0.06440744513383834,False,True
455,52264097,3717725484,3601072405,-0.47935092075931607,False,True
456,2573227111,333511180,1206654009,14.971788126706087,False,True
457,1230943199,3651027592,563993394,-20.87630923233519,False,True
458,2808371355,3780133875,3621762134,17.33867312068469,False,True
459,784613599,513494316,1291803303,9.815408552749432,False,True
460,727154192,3327565437,4278420914,-18.353953927166003,False,True
461,2390464376,2466680201,154453652,6.288821795213153,False,True
462,2525818827,3715847946,3774308192,20.728229146261583,False,True
463,4264095404,2904227306,1845624080,-72.48563695094344,False,True
464,281763300,3757919746,4008538013,-1.3823996162827825,False,True
465,2488872446,323284734,610676013,15.27106483229727,False,True
466,4234799830,2227926564,3320203328,-15.29703702207189,False,True
467,3721618778,1090386968,3294723727,25.26773168535874,False,True
468,1040177299,2785893624,837917058,6.993445698200958,False,True
469,93369729,435701031,3943864358,-15.272919327398995,False,True
470,3367659353,165506339,1910704883,5.006204171259014,False,True
471,1741359039,2204261230,3238658436,6.8173320083806175,False,True
472,3608769761,3537831601,3512479979,19.18869178132445,False,True
473,761062140,1721315907,3989288702,-3.6669763033933123,False,True
474,2608659899,617172147,1151370525,7.579860880199703,False,True
475,3516824541,2231008447,2947233591,1.1563111222640146,False,True
476,3710962805,3198419150,3079538318,-30.608863851470232,False,True
477,3256481831,2617170444,2200066015,-43.33964003030269,False,True
478,4197345455,79640729,2087121385,13.538849010976264,False,True
479,3942565308,558767334,1188772892,6.815254306842689,False,True
480,2620911884,1174281935,1327794228,3.9167541815841105,False,True
481,2125336896,2504556890,1459741026,21.274582484526036,False,True
482,3561078366,336110082,3828577891,8.298588884812489,False,True
483,2631873697,1075923382,334170743,12.97849733383191,False,True
484,1492464179,3903387373,3851951044,0.11893870241328841,False,True
485,1325912899,536580659,1791258550,22.016217499687627,False,True
486,3805229324,3693101846,669253628,-22.266415980338934,False,True
487,3379703408,1210394901,1478199034,13.787517608347116,False,True
488,2915197081,894660919,3337345504,5.714952560221718,False,True
489,3348936982,2814029351,278006548,10.824140619915852,False,True
490,1320653373,3597099464,3772724311,5.691904022562085,False,True
491,3880471154,4143249660,3723447597,-40.112124370469246,False,True
492,371388301,203601368,3468054915,21.806874957961554,False,True
493,3786163230,569577096,3922643651,3.4867162546433974,False,True
494,4143220075,3355283746,1672795474,17.473660906558507,False,True
495,3254403849,2856134718,2915182575,11.266536702009034,False,True
496,2386894820,4257798749,1023800617,8.729025245847879,False,True
497,1108079481,1005327505,3451289696,6.264204442377377,False,True
498,597534469,2327229420,3963444253,16.00274895547045,False,True
499,2730869265,2840017130,3252897801,-3.4435836932752864,False,True
500,871189963,2533207863,3167144813,11.931700517234276,False,True
501,2647922185,1724426433,1080432089,19.712682241137372,False,True
502,518984456,2419285950,3352534172,1.7233915989636444,False,True
503,1435307660,38003083,2487327331,10.888124456687365,False,True
504,4090082123,3733323397,2753628494,10.950029523941339,False,True
505,4078928749,2186721688,39076785,1.4143139707157388,False,True
506,2179459928,4103352009,1030490104,-27.63636065361061,False,True
507,2855659789,3311146249,322629037,19.258839312147757,False,True
508,1337865457,3716887113,1160858128,10.813879340486892,False,True
509,932204868,2870282149,1041925579,2.6988548471272225,False,True
510,3684679589,3691773978,1663804868,18.00439551322779,False,True
511,109613719,2971425406,1787349084,20.16660683100781,False,True
512,4187371328,3341073036,1711829935,11.134975501976442,False,True
513,2278671047,735133953,2219916311,17.297313915427367,False,True
514,876831413,965130952,213577354,1.6318100517019047,False,True
515,3609784881,3150792359,1256333833,1.1642987555169384,False,True
516,465980497,3503906542,3669006686,-51.163595345497015,False,True
517,2643815348,2745605533,684961819,15.437616872848594,False,True
518,1053547626,276891281,4255672210,-71.45874732481752,False,True
519,2863343880,219687692,2050058007,16.416854176430206,False,True
520,3591261410,926977682,2242572191,13.150977918667195,False,True
521,2473901404,4036294910,472134816,1.0857269096377422,False,True
522,4281210440,8927854,2249934047,9.019149533400196,False,True
523,3665000966,1582674412,553277449,9.803907183719275,False,True
524,979992239,4068190764,1052814193,12.784325359294598,False,True
525,174857204,3443570779,3234311222,15.405261163636169,False,True
526,1523507054,3499062788,68189612,14.194040900511027,False,True
527,3084176348,2278962592,3891438234,17.051647422318638,False,True
528,743430374,3596314696,3429568510,-9.684793520216772,False,True
529,1257475947,2458075934,831530370,-13.980422862616251,False,True
530,3023263343,1624509002,9925602,13.4399627482926,False,True
531,475609448,842548797,2219919002,11.55412838706252,False,True
532,3377316280,3336135269,2576961276,21.723366233673005,False,True
533,2954840765,805291300,2576973569,-1.459097513332381,False,True
534,3888485508,1541106566,3027349815,6.920599160795973,False,True
535,155385240,2552852698,822205827,8.702142603739048,False,True
536,3048237077,1253092215,2505496883,15.632413828767312,False,True
537,3242778378,3889374251,707757766,14.304042984411353,False,True
538,2702900718,1407050495,3181839567,14.842944722695393,False,True
539,3999928950,2477922896,3532813297,14.55009259301005,False,True
540,2238722033,3538910801,1462456034,-7.434480134703335,False,True
541,1560300014,3667905016,2663177509,6.527368349241442,False,True
542,739109816,1559991261,4138591778,-8.359499713638797,False,True
543,3593903806,2546302994,1010662611,-37.68684360680345,False,True
544,3285920702,3971763283,1408299924,36.70944235060597,False,True
545,1878356906,3610251012,534433991,7.728094850739581,False,True
546,2015106810,2355523548,2156919514,14.077665633929428,False,True
547,3657608285,3769139328,407194508,12.517316741323157,False,True
548,3621775361,38654833,4265709636,-27.734950738071348,False,True
549,302345159,4118890496,640749971,14.617363831996045,False,True
550,316270596,3611662815,1725585491,15.005422823349363,False,True
551,562637213,528274502,4232273151,8.381557245302247,False,True
552,3999732330,225928716,1639509228,18.48766638735833,False,True
553,4030895,2479392964,1759650789,-13.487121671743807,False,True
554,2208145653,1373014214,3222305107,17.503073166051763,False,True
555,3280135544,1826919548,2604317960,-31.892177107409225,False,True
556,2828510248,456062220,3198374112,24.623140287192655,False,True
557,2984887291,2831877897,3742554759,18.738898313691607,False,True
558,2591740626,2426420869,4152688857,15.628130244549538,False,True
559,3228160059,531094369,437547204,-45.176946380903246,False,True
560,2207855387,1760108761,2483495284,7.13638339980389,False,True
561,1368495380,731944998,2587258073,26.24888509133598,False,True
562,471865789,370092138,440695306,15.924177348628291,False,True
563,3269301746,2625367189,4058162187,11.887923959686304,False,True
564,1041619662,4280793687,413215632,-51.731589569222706,False,True
565,173231715,92849276,4275099235,8.564609414868755,False,True
566,3312358157,791125022,4233719130,15.771991331283061,False,True
567,3210636436,43874653,2803320733,11.772069634243962,False,True
568,4291006376,2206724816,1163271210,14.18988776551123,False,True
569,695573965,2170342687,3955448734,8.296409359711106,False,True
570,3174720860,3469278838,1485201402,15.940665671267197,False,True
571,3928789503,2521223682,3576341543,1.108216432876361,False,True
572,2562083784,2775000403,2360209920,10.272825940919574,False,True
573,4141013230,3653611959,1368103464,0.595418161865382,False,True
574,2896064129,3934797136,1487724487,8.810350784362527,False,True
575,2837512598,3059508641,2501048326,18.259852946255705,False,True
576,61616502,750446989,1025725741,-0.1782293417636538,False,True
577,1895932,1575540131,684686565,20.069160035724053,False,True
578,1658415355,797098225,2937388257,12.639608438716095,False,True
579,74826530,3455730168,2125695335,13.9931835426396,False,True
580,127517252,3474335234,86615826,19.707080868705816,False,True
581,584154000,2003007470,3799871435,-23.146857110754354,False,True
582,3568624683,2646329911,1875572557,5.459178857272491,False,True
583,161004488,1005510388,1871240467,-4.115405870797986,False,True
584,2500547802,1610210326,1811732305,6.183280599740101,False,True
585,858074336,3103375226,3974194052,9.868142287887167,False,True
586,2871649476,3004448696,2474715874,13.68102380351047,False,True
587,2879931806,1081808891,556840355,-21.55274418109184,False,True
588,644005146,4250956835,47166706,-25.087383417288947,False,True
589,2074530724,3019097610,2297702715,1.925028074416332,False,True
590,1980488251,1688683885,2725644477,25.214750989362074,False,True
591,2287186680,105589412,3503591093,16.811306510520808,False,True
592,1482251442,3820319325,2506667409,2.9552125666232314,False,True
593,108652729,3096726164,267968082,-2.815294478517899,False,True
594,443677518,3717976114,101581924,8.431474524913938,False,True
595,2837454771,2497268626,4129003667,7.821158400409331,False,True
596,260617589,1676969964,2054746567,-4.853738412057282,False,True
597,3661866699,3079320500,1784287741,15.303305514164094,False,True
598,2387900154,3724575729,1006758687,-12.541917830560124,False,True
599,510477856,4063946094,4029409542,-12.149795273973723,False,True
600,1552356537,1577128693,3119044670,-41.0343136169904,False,True
601,867871968,1366646763,2811191898,3.024145813062205,False,True
602,414144328,2216013713,2134721776,17.791157832522003,False,True
603,228600116,2928097715,167072618,1.2626077939785318,False,True
604,3367228761,1871566050,3822781094,15.028434670697607,False,True
605,2262685505,2231820294,2194730593,13.193266743714048,False,True
606,2943060034,2226385365,676828362,24.518851924898627,False,True
607,1260869372,1202556793,2564658672,15.127644991087436,False,True
608,1132398741,3077010623,1932788157,-1.4995920647488674,False,True
609,716800113,2873769791,567734490,-32.05314468357392,False,True
610,3386505634,2384354398,2660596127,6.354819882391894,False,True
611,1064457153,4011559427,2911125203,1.7292237748406478,False,True
612,89566978,1589243640,4017870969,20.40010173405608,False,True
613,1025983641,296465226,1241202699,14.993794223089935,False,True
614,3329234514,102195412,3796128173,6.433924718206981,False,True
615,1800213460,2454563739,1362288525,9.984786299071857,False,True
616,2912322216,1046073321,4004784485,15.16421426738816,False,True
617,479474136,2957059224,3227981497,-85.35900854881038,False,True
618,2134882749,2957661425,1874229767,10.754776373214554,False,True
619,118150952,2314703498,3516480402,12.924448021432909,False,True
620,3822329974,3908174332,1739048495,13.83449591367389,False,True
621,1362373306,2929610666,251681446,21.203371550756856,False,True
622,1798381421,2101494556,749433651,8.420854939911806,False,True
623,2243044381,3552271274,3952779912,6.109779272235755,False,True
624,1944598898,2757875366,771291857,7.029076980688842,False,True
625,1184670512,1082839928,2296784691,-112.46582540857344,False,True
626,610960264,1371456302,1850553955,-27.627000456181122,False,True
627,4239525899,1213926700,2626470736,13.699030922303791,False,True
628,3616333355,2315121761,2042175964,-48.61712183540658,False,True
629,2971411909,2023252540,2525516149,14.313190176217176,False,True
630,480368853,1755943458,2407371420,15.657448980382469,False,True
631,604907640,3664288713,2053239006,-62.57275854132604,False,True
632,1343025643,1686287065,2475232088,6.5778578123572515,False,True
633,1113046599,3845280540,2999500969,10.28839798521949,False,True
634,3101544220,242489770,1974663157,12.16507069306681,False,True
635,2892236158,340878384,464825604,-3.8385472768131876,False,True
636,1064964736,1345828836,3315560707,-32.60583808958472,False,True
637,3049189723,4142040301,3946816377,11.773746279148327,False,True
638,2621106862,3039393331,4079299342,15.254642976869945,False,True
639,806147256,1387509931,3361012466,-70.65207598002598,False,True
640,564565499,1732321717,1958200492,9.518601452968142,False,True
641,295013478,2259188837,3946428130,-37.96275644876005,False,True
642,250001139,2285768999,2094335030,-82.8502674909978,False,True
643,2707842834,3708950732,3858323308,16.085906560845615,False,True
644,198386303,3906970363,764988021,3.044916107566678,False,True
645,3575371669,4250889366,3328576949,0.532200984445808,False,True
646,2570688546,4159100191,2460767940,24.59292629945412,False,True
647,570269264,2400775726,1150812229,6.240953038090083,False,True
648,1311379764,1023782802,2193889706,0.4895271388522815,False,True
649,3246232541,1407157958,2915153106,7.636651957465801,False,True
650,2749106582,921329330,4123623106,20.527639488696877,False,True
651,85209690,3921770308,933850410,25.387916980398586,False,True
652,181740854,4276944436,2579068272,11.814333289359638,False,True
653,1676412716,2384968384,2743439309,18.02161206484743,False,True
654,1892243864,2841390390,1845929341,7.459912987309508,False,True
655,2655256162,2718999644,2909811383,6.48045255280158,False,True
656,2961124907,2735479102,1451480080,14.378974369094067,False,True
657,2484872653,3759521380,1748065190,9.919015280422173,False,True
658,1625966299,3375104710,344509969,15.468419886521588,False,True
659,3811966527,1061062910,2716591354,8.22857297405426,False,True
660,2437710288,3322174640,747738290,15.346287117332395,False,True
661,1603289080,3727840872,11205550,-32.955891715566395,False,True
662,3531934033,3895936229,3100149355,12.553399124459247,False,True
663,3204933242,1154534892,3632778882,12.236138574364304,False,True
664,3638589896,1831909660,1805646385,-11.524963008654595,False,True
665,350193217,1415476414,1509210074,-12.656020411806821,False,True
666,1817791331,988965651,200853987,-9.101314864179585,False,True
667,654741864,2814875922,2036657544,11.90562210266944,False,True
668,1253452338,409372735,782996817,17.41667515883455,False,True
669,1683960311,776401329,233358721,16.724698586149316,False,True
670,3634348922,908301600,3476408423,14.374136176753382,False,True
671,1896399640,906448467,4215395591,-71.74896858377906,False,True
672,2168584998,1523745280,1719354760,11.876872902787,False,True
673,2878420634,508316056,282969362,-26.655507696144923,False,True
674,4280269804,930258767,3165253910,13.16651223912777,False,True
675,1662190677,3662480509,1648807591,15.297310425528849,False,True
676,2343130996,2694781552,2064333763,17.42710288235685,False,True
677,2157506195,2402858906,3667414953,-14.008812992105959,False,True
678,1048218806,759780143,3430779426,12.86068706408696,False,True
679,3426039386,3473385933,3787883058,-0.7007913390843896,False,True
680,2942539563,2173694795,2048852212,3.941252067052119,False,True
681,305239358,1060031414,3978495898,-19.79823843712802,False,True
682,2468312435,3432855044,2759645700,-8.444953113037627,False,True
683,2588787715,1264085944,3911397154,16.47329977393383,False,True
684,2430245438,664409007,2151177716,-11.572414820824633,False,True
685,3855148827,2215920306,3743057835,4.115521140454803,False,True
686,3518124594,608489307,924626764,16.54255685559474,False,True
687,1464471152,2746855503,3758508142,13.036693085865409,False,True
688,2054691758,3357271087,2869286622,7.06933982418559,False,True
689,745690110,1352511828,3020992824,-5.6959659852291225,False,True
690,2697373205,2939476512,1007175637,13.90592697483953,False,True
691,3216371857,507743648,319416011,10.091027637194202,False,True
692,603067161,3991462343,3458244737,13.554716378675948,False,True
693,2532916840,1933449273,2448974868,20.083675803500228,False,True
694,1134684821,3868365368,2477407521,-39.67267545846698,False,True
695,3480366140,3590081442,3286527288,15.466294360659958,False,True
696,3171177856,1772199264,96344094,11.932640015329525,False,True
697,2532366854,1814094622,2182280067,18.107519950215647,False,True
698,2767868977,2208119710,2246622712,-3.139566567420843,False,True
699,3127534123,4037200992,375458925,19.41832868756319,False,True
700,1531027185,2141193278,1715280001,9.09436357251252,False,True
701,1436859071,1162964595,2332030090,6.7512523534023785,False,True
702,3259157229,340175791,2138869428,13.486546669228119,False,True
703,3630855843,3261866503,3726160388,16.92774503822875,False,True
704,2718267944,1087237871,3112252048,14.223721889669832,False,True
705,1963182033,3321676353,2994865172,-74.44726286521473,False,True
706,3021775753,1800719414,3156589160,18.631799347378546,False,True
707,3024979605,4248616461,268982271,8.754263265749614,False,True
708,2295611411,1751103647,91340335,23.083471314661438,False,True
709,1333239602,1914525218,2731969486,9.638823218891048,False,True
710,4243929590,4061155090,2819145436,17.143735405428743,False,True
711,1135117172,264061969,593662736,-43.595400327743846,False,True
712,1544658722,1420238009,2231093474,11.291673277104564,False,True
713,3306734552,2246030017,3640308139,13.08212848866242,False,True
714,2754710896,4139743143,378479037,-23.443217539628677,False,True
715,2150492300,3879972475,3995073830,-24.0217274815368,False,True
716,1376233920,2216291487,1639831380,17.511703209907864,False,True
717,276307021,1950354955,3644189373,7.085438711976167,False,True
718,384446034,2517879044,4212527047,7.109623890530202,False,True
719,2969733994,2609598136,1263891089,17.54336096166662,False,True
720,844826814,4274752023,1301975428,-69.96024326323823,False,True
721,132605157,327495407,1597131410,4.333894438670541,False,True
722,904655858,606810815,1070221276,13.495282002266322,False,True
723,1807451738,2776175141,951058058,21.79623313119373,False,True
724,4253698918,3532602992,2499374591,16.998112462228164,False,True
725,1424739307,419570430,705748155,-46.749532661240664,False,True
726,3667094713,707056716,2833297686,-26.807526974618668,False,True
727,2646122244,3902392208,1470661506,14.98163121809921,False,True
728,959173784,1869570909,1236212238,7.662405342933198,False,True
729,1423863404,1551888811,1108226381,-1.9068498872438795,False,True
730,59258066,537736963,3646908794,-6.870580420814804,False,True
731,1416022199,1829237033,2254667942,-39.70829849265283,False,True
732,214190616,3348702681,1622973011,24.703873233003833,False,True
733,2846413632,4024063261,216244995,16.852952897745126,False,True
734,2786326005,1115621915,3985068632,22.91614501454751,False,True
735,3698158725,2770870374,3404554120,-3.2761017013981473,False,True
736,4284581184,3163938274,3667440580,-16.021018993393227,False,True
737,4142464036,2425820087,301672817,6.930952748778509,False,True
738,2457078935,78770458,583670235,-27.418676244094968,False,True
739,2774255553,1017493945,2288797330,-3.353050332319981,False,True
740,762825431,1208935667,1585732528,5.56243235245347,False,True
741,1212039356,2141966033,2236381143,1.1030148014833685,False,True
742,2889762022,1352383168,1907824989,14.667735293587612,False,True
743,132530656,1220016084,937554168,9.977649262065825,False,True
744,584982555,2347411159,1567290702,-8.152748983739002,False,True
745,322465578,3949940791,588742654,10.866206056671217,False,True
746,2488607336,1168686762,231215077,13.598665012512356,False,True
747,9074936,1628757317,3504804492,16.487684858235298,False,True
748,536451297,3985902608,2593066761,5.093291133307503,False,True
749,2608686123,1502592696,4223364882,-27.196912257502845,False,True
750,3879753507,500022099,3674056186,-18.948368359429878,False,True
751,1194468545,3960432062,4108189277,13.00504244791955,False,True
752,1639938537,1043205216,1321682178,-4.239243084943155,False,True
753,4088092258,3951279943,1160977004,10.331790332929813,False,True
754,3719188327,554349489,1980536388,12.774453138597892,False,True
755,1730980126,663988556,1858742171,10.150032121833647,False,True
756,3615266601,4231598340,2102706606,15.634791942648008,False,True
757,830121374,817550779,2123467751,-9.172659551120887,False,True
758,2138404024,870195430,109155871,9.738165875191044,False,True
759,2401296155,2908220395,4056341091,3.8792531942599453,False,True
760,2912107417,4218892393,229395115,13.623374360555317,False,True
761,2531573368,3328829035,2356284766,5.173540941075771,False,True
762,1715729103,254962333,1344788977,8.542792888823897,False,True
763,1289653693,4294451088,2890826965,-68.92673064212431,False,True
764,1104108896,1835739753,1459895209,10.640274792487617,False,True
765,3798204471,671241521,104965715,-51.99196732309065,False,True
766,2401186784,2458643447,2646122434,16.38731962712336,False,True
767,4081906532,626601979,2227852466,-29.503361139679328,False,True
768,2350310081,2422993388,1105333628,13.070962912563118,False,True
769,794028726,3689748104,2302745071,-1.8228006188001018,False,True
770,2287836738,3250982453,2814500821,-35.00865573532792,False,True
771,2047599538,4099316618,758528225,11.0448855496943,False,True
772,1405949744,4183479574,2143564273,10.613456478153239,False,True
773,1717011572,2875038666,413359967,-59.72119454946369,False,True
774,4147835582,1180239016,1116481258,-20.040898454899434,False,True
775,3094601715,2531573763,939309237,-7.518115276943718,False,True
776,3046547737,2513236025,2176306157,18.738610739746946,False,True
777,2554297795,79520506,3723202766,-9.198156533231668,False,True
778,391616478,671033358,2647792530,-2.2003732637895155,False,True
779,2794698325,4276776053,3809267562,-65.69646019908396,False,True
780,1120049734,845545669,3154701434,-46.38132829757524,False,True
781,1065323988,956247322,3405761923,2.0672377892478835,False,True
782,3238401959,3850317687,2744644558,11.265574985285639,False,True
783,3353090102,823302120,3520204206,14.775876229192363,False,True
784,416345715,1536527143,475591929,12.590318650800327,False,True
785,2911372225,2799885748,389029919,12.102870695445745,False,True
786,3161392436,2993963361,3252137536,12.756607516923395,False,True
787,3120403144,1005114966,494358256,-27.671003133582417,False,True
788,3366461214,1351689803,3242368169,0.4469577753916383,False,True
789,78519774,2816492534,1691191545,15.811623779372894,False,True
790,2474716484,1749784108,2645744343,0.7104739325295668,False,True
791,4173669533,968129091,2028860949,9.900512575026369,False,True
792,1543244054,101830382,2111524939,13.259934619884007,False,True
793,252206021,2044574347,3759843150,17.66008773039357,False,True
794,2861201074,329042166,1381772471,14.88998795364023,False,True
795,3588231487,1966973486,4029457160,14.542170188156888,False,True
796,3270628726,1567079087,494320623,-11.092380094298278,False,True
797,1704367559,2724409953,852236255,15.471340887612314,False,True
798,2914278682,2956163119,120254159,20.134616230337997,False,True
799,1678100145,2621864427,3864168404,17.429018816801545,False,True
800,1895244755,4123989836,2854584055,-20.092489306953212,False,True
801,2743082519,885628741,2561243559,-0.6388183107337682,False,True
802,3733599650,1442708455,1451274196,5.513999024442455,False,True
803,4144226034,1183664642,225027039,-24.831164727795112,False,True
804,2499465192,3393899995,2982448180,10.491060741856927,False,True
805,3199782545,2288717041,332237373,10.876571938999405,False,True
806,2300786456,1017901116,2345628442,9.02273780581163,False,True
807,1614164267,29729077,344576872,13.008969233109383,False,True
808,1705379853,97960660,2839193257,14.946286237493041,False,True
809,1771643551,2380773604,139630450,-4.2719921449170215,False,True
810,1366917380,255972671,2980650008,-1.5779548533828347,False,True
811,2838326165,483624343,918699792,-25.226027098382474,False,True
812,393035138,1977879106,4149219229,10.797662529876106,False,True
813,54643042,3421763572,867055952,-3.827260082063731,False,True
814,2178267759,3069939263,2158293737,5.1911285516180214,False,True
815,3520102209,1223464350,1636054849,6.637738949881168,False,True
816,182161824,1319314764,2470325711,-5.742018040429684,False,True
817,557099526,473991494,3431884006,18.08867966015532,False,True
818,235339346,1165122212,1891708041,-11.161693078509415,False,True
819,3175469973,3999838444,4082876289,6.562073384964606,False,True
820,2405956034,2818976778,2701593705,6.169823267919128,False,True
821,551263461,1065228712,897512863,18.44326341633132,False,True
822,2137914254,3805098271,4028428768,8.25711594116001,False,True
823,715815580,761544152,2180362256,9.044381481813616,False,True
824,2934301763,2535408050,2621551431,10.573240166631876,False,True
825,1424120690,2122694600,606136758,-5.027008624041628,False,True
826,3312570340,574332595,952276096,-23.765430233870575,False,True
827,2750801326,3781011599,2231143380,-2.525646490881627,False,True
828,1615532440,457467489,2774879627,14.73237204871839,False,True
829,4155464046,3214873939,3536425646,23.350279745049193,False,True
830,3396489949,3793066493,2475791062,11.137029867524689,False,True
831,3573221976,4196003999,2732526926,3.6530954931367887,False,True
832,3495086514,741046395,613324831,25.04016333715117,False,True
833,533652815,3198387506,2185344897,2.015430941566592,False,True
834,4169875604,3125513312,1124188075,18.32007375680405,False,True
835,3138980220,3275789039,1297204832,12.774541079328628,False,True
836,2030151680,3753313771,1182353372,-53.69297146080498,False,True
837,3742473017,445726579,252143462,-13.01434148766566,False,True
838,357152731,2084262727,286943583,4.31001182692853,False,True
839,1092954959,2849084690,466073701,-131.9342111015576,False,True
840,3392830113,653139326,4165917744,-2.6225110786836012,False,True
841,4252698336,2277116447,3848442693,13.604385936290782,False,True
842,710791802,358943655,779995137,10.93983843416936,False,True
843,1731463346,3951857879,2287325796,15.047795006299566,False,True
844,2936432771,1096404521,3635915732,11.189846632660192,False,True
845,3431948299,2947304242,399434825,2.971647184138419,False,True
846,1292692768,3483962637,3270130776,13.7565788227148,False,True
847,1312804131,723454597,1476785401,11.1532213462051,False,True
848,155419952,3457078495,101186087,14.541133999402518,False,True
849,1499013114,640546544,493654442,-13.506784785669879,False,True
850,3617664475,2095798559,3835762754,-44.420150918238505,False,True
851,2249488936,2072447751,4076003027,18.1089113801645,False,True
852,3178663234,2026274370,540688999,12.79790136912925,False,True
853,1296507706,3660403129,416076673,-1.9998743074611411,False,True
854,308614581,207310236,3397891991,-9.782602242201392,False,True
855,2245681347,1762626232,1358805640,14.174733779924281,False,True
856,2146090921,610217964,3027450878,19.014523527614074,False,True
857,562547559,3509195604,4231570239,22.719333768618526,False,True
858,194060749,944641274,704770906,10.24462430809217,False,True
859,3368792174,3455689184,3006256229,-32.241392584866844,False,True
860,1674880768,4156842918,765058253,15.994857030498679,False,True
861,1232375526,463294849,2835574504,12.943814436126559,False,True
862,3642465267,3560689815,1247471951,19.737892566663504,False,True
863,2305766360,1144647031,4184870044,14.698132108169375,False,True
864,3694133220,3413774706,1718467444,-8.506861197398393,False,True
865,757138330,3077672778,472867390,-9.02002278456348,False,True
866,125355384,3356204720,1317630627,3.314445038617123,False,True
867,44730807,1455902931,2313643365,-5.044644637084275,False,True
868,585839932,236633660,2410367476,6.4552502110091154,False,True
869,945302949,3134260727,379270340,13.268133859601221,False,True
870,2493137627,1322519293,1158210914,-29.621540993517556,False,True
871,3132553220,815334240,2656109415,-2.200158770487178,False,True
872,693737820,3930085873,240788844,16.696912480569154,False,True
873,1674542083,3745328064,1885995486,7.014400692969502,False,True
874,41487709,460437749,1824959259,12.674953492467466,False,True
875,1776033932,167291078,2449392642,-0.07879736417817185,False,True
876,247633778,897480934,1870154406,3.2521002383437008,False,True
877,15131122,3870118158,2218268593,18.38156614448235,False,True
878,3400825578,2744674714,2648682334,-10.819118394232646,False,True
879,3442573456,916227267,3051429632,-40.91214052313444,False,True
880,421357795,18721972,1661713601,-54.251606637000805,False,True
881,2797361413,3594343094,2471538353,-10.448580863274401,False,True
882,1356271055,885389623,4159359305,5.517265804752242,False,True
883,1404860938,1624744071,884053815,4.8953273082806845,False,True
884,2716684821,1466359554,16813779,11.68041974944208,False,True
885,729787167,2335660914,129806166,6.402181224046217,False,True
886,3446591744,2026250183,766188491,-14.52056598506897,False,True
887,3174679090,2687924055,3390586568,-7.32903530303156,False,True
888,498404358,941935609,3012053847,3.431934220592666,False,True
889,3343917030,2487072768,1043808444,-16.925846982878284,False,True
890,3935659149,4218820080,2103982535,5.579259384860052,False,True
891,3893598599,3371975352,2445455120,9.092423519061413,False,True
892,965555041,1607776787,3857267781,7.073797264718451,False,True
893,4249867130,3528617842,509620099,3.2810030967302737,False,True
894,2790496217,6711506,3326006051,13.418210150193772,False,True
895,3769259663,3951053636,1917435236,-22.376267268315132,False,True
896,4062317316,1850358831,4271301802,18.36172244100453,False,True
897,1501057173,589354351,1769582781,-64.17889629083948,False,True
898,1511007748,2132646577,1797439568,14.605475223674148,False,True
899,2017056645,3380099382,736610007,1.5122840344774886,False,True
900,1809708110,4055109488,23962359,-14.128005207618116,False,True
901,2492778418,1110902439,776235381,-12.921689028131368,False,True
902,226047486,1950657483,4142444652,-106.02469167698291,False,True
903,1083736688,2323368055,1098222107,12.904914679646026,False,True
904,2499036034,3529037584,581082345,-49.08498263116053,False,True
905,3729459414,2903137191,2456160338,-48.567623079390614,False,True
906,1667520540,3207514860,3735612681,6.453173569243518,False,True
907,3276021084,2498538715,2362774843,12.394214005253161,False,True
908,2484324549,3508145891,2765801474,-29.9307986792046,False,True
909,148848531,1274844710,3852818910,9.005342677322915,False,True
910,1047406764,3165469079,1784795633,16.504237104607455,False,True
911,589763735,1544947325,3731282466,13.523168190011347,False,True
912,3821193848,2296816041,3961943391,11.406740428144985,False,True
913,3443406744,1511478474,1260882273,-16.09479718395596,False,True
914,2317062598,1819764364,1256627911,13.767402534387656,False,True
915,2985045056,981270153,2001756252,-2.6130891814245842,False,True
916,2167120196,2583294163,1170304138,21.24250234200008,False,True
917,940592404,776338804,3135158366,-31.97577902003104,False,True
918,4255946697,2905662993,111402500,-3.431630215549376,False,True
919,2019642765,2989192563,3209360291,5.709083455032669,False,True
920,2990716120,788066877,3268125864,11.803285425019567,False,True
921,3053111044,3626947137,3541317728,10.398209632454382,False,True
922,69278994,1693577084,2781124752,-2.879300605323806,False,True
923,3501106844,2693265421,4231844949,-3.67632125900127,False,True
924,3845441000,307707178,755152777,-0.5302482320403215,False,True
925,2161703448,783297454,3543515945,15.279391800737358,False,True
926,2125493667,537012389,2988234649,-53.903532269891,False,True
927,2315964540,1562184341,339727638,13.288820966292406,False,True
928,3742099883,2395923260,41966052,-69.4108233635634,False,True
929,2924339883,4068468496,272099158,5.803296842961572,False,True
930,1575879693,39022473,787742291,-28.350858021964086,False,True
931,57135123,3873946059,1265256479,16.455380702434923,False,True
932,265410638,3967206067,3233369751,-21.530748374207178,False,True
933,773742285,333360486,3046646529,-71.47747462227562,False,True
934,221890125,2811065008,1759956738,3.933966253323888,False,True
935,531331872,4241103600,1781771735,1.1807281400542706,False,True
936,2921974900,3541333570,1026829485,7.8703810435545165,False,True
937,491062937,4108932702,2103170997,17.81915916671278,False,True
938,1470057071,978539537,1606097827,20.811598400207004,False,True
939,552449722,3607796172,3301129139,2.9041600504133385,False,True
940,3247292178,3579218760,3605990120,4.12905349045468,False,True
941,3629984453,62993583,3677943055,-41.50197094069881,False,True
942,78079549,1829442199,4016457976,22.985869738848123,False,True
943,3269152774,361929249,540539507,12.923438145902765,False,True
944,1649010142,2111053440,2537654542,9.122364818023925,False,True
945,3706977456,599307176,1462675396,4.296926799805078,False,True
946,1707179935,338859962,3191673359,10.340523633698467,False,True
947,3488019944,1237150593,2368948502,12.938942876637157,False,True
948,1900699588,2764890865,2021538424,-5.964185659344366,False,True
949,1189667656,278713525,821150779,-10.809684129286325,False,True
950,3347727834,478574305,4273651082,7.824249378885725,False,True
951,1639405425,262974183,2506369934,16.043937069705862,False,True
952,1021285957,471591592,3850543486,6.144992139212263,False,True
953,3005519779,612599367,2846341610,2.9577170166085125,False,True
954,2540774219,222468500,1389992246,-22.097112520583323,False,True
955,1104991459,1134602219,3750528900,8.96045982297801,False,True
956,3158041313,3594893672,2966965339,10.384070536914805,False,True
957,1945682387,2727874655,2544733076,5.943431745028647,False,True
958,3684392399,1638614619,500034322,12.994391110230936,False,True
959,1340281655,3821690082,428971843,8.348697854016791,False,True
960,2745806204,1324514811,3606589442,-60.49560447510157,False,True
961,1128585358,4125976513,1274906355,-30.93205719528487,False,True
962,1580506326,1629891645,1502566661,12.686126578097173,False,True
963,468610077,1088898756,3370716937,-23.8978136084188,False,True
964,829173442,3221588526,2117617289,18.825666765857022,False,True
965,1844602945,581703877,252694071,20.05913696724747,False,True
966,1272306646,3513624004,1405623835,-2.280568577334634,False,True
967,32974688,596741699,2220440922,1.8280275408760644,False,True
968,2865474872,2243648688,3182060622,-19.24109089491685,False,True
969,2531705684,884562439,4088419863,6.960853222044534,False,True
970,3159793798,1020425586,3647085731,11.945436123533,False,True
971,3273106143,1772373444,345722792,15.019481015107885,False,True
972,3834858294,1940855368,1331502805,13.825264474078722,False,True
973,2910543476,2523864942,2730702724,-5.571767003959394,False,True
974,4164795023,3691978477,644794715,15.675635872561543,False,True
975,2221860150,903954478,3812367864,-9.766254171678156,False,True
976,1473524850,3768037870,3030869396,5.771901349558902,False,True
977,3016371753,337912386,1537380525,13.464084702020045,False,True
978,2758247856,1828428362,1388100398,-89.95583826123038,False,True
979,727751814,4139482286,369512284,2.956898747688683,False,True
980,1136744917,2835599997,3821672794,17.278992654122703,False,True
981,2281358214,1064721693,3585907430,5.6765717114758445,False,True
982,2169759062,2663697176,3368013700,-38.64998138361261,False,True
983,3570019311,1029176126,2830186857,11.36147099592199,False,True
984,3698265775,313399600,4079736759,12.148571083540446,False,True
985,2571849123,2265587721,3777562859,20.530025630097953,False,True
986,2434617980,2090482826,4109179306,6.637529624866147,False,True
987,774370652,4209427523,2798621860,2.639108515693806,False,True
988,194777247,3276685719,3176374379,5.481279006053228,False,True
989,2971747042,1150023426,3377714164,3.4293326879196684,False,True
990,4163210444,136328641,1955711423,-6.193036614757148,False,True
991,3287076156,4204812411,1051794468,-1.3089888840040658,False,True
992,2065541610,1211644464,1473285079,12.277199411415495,False,True
993,253377165,1174635311,2011672946,12.812049875523371,False,True
994,3986161645,468829180,125088162,22.80710156816349,False,True
995,3881745561,2993063587,372246394,-1.2001397472195094,False,True
996,393376290,500954609,3182339962,14.550562552030897,False,True
997,3061229663,3880321486,1805277311,11.626191773480969,False,True
998,3970495970,3553492860,891372097,10.683229188463883,False,True
999,582773350,264370803,1253822131,10.701061564846896,False,True
